path,status,edit,demo,backtest,condition,source
profile.name,Thông tin,Sửa/lưu được,"Lưu/tên/ghi chú, không tạo tín hiệu",Không ảnh hưởng thuật toán,Chỉ có tác dụng khi nhóm/mode tương ứng được bật.,config_schema.py
profile.notes,Thông tin,Sửa/lưu được,"Lưu/tên/ghi chú, không tạo tín hiệu",Không ảnh hưởng thuật toán,Chỉ có tác dụng khi nhóm/mode tương ứng được bật.,config_schema.py
strategy.symbol,Có điều kiện,Sửa/lưu được,Phải khớp symbol EA đang gắn; không tự đổi chart MT5,Phải khớp symbol dataset,Chỉ có tác dụng khi nhóm/mode tương ứng được bật.,demo_once.py
strategy.allow_buy,Đã có,Sửa/lưu được,Dùng trong tín hiệu theo vai trò/filter đang bật; không tự bật quyền broker,Dùng trong replay nến đóng; filter tắt thì tham số phụ không lọc,Chỉ có tác dụng khi nhóm/mode tương ứng được bật.,strategy_engine.py
strategy.allow_sell,Đã có,Sửa/lưu được,Dùng trong tín hiệu theo vai trò/filter đang bật; không tự bật quyền broker,Dùng trong replay nến đóng; filter tắt thì tham số phụ không lọc,Chỉ có tác dụng khi nhóm/mode tương ứng được bật.,strategy_engine.py
timeframes.direction,Đã có,Sửa/lưu được,Dùng trong tín hiệu theo vai trò/filter đang bật; không tự bật quyền broker,Dùng trong replay nến đóng; filter tắt thì tham số phụ không lọc,Chỉ có tác dụng khi nhóm/mode tương ứng được bật.,strategy_engine.py
timeframes.pullback,Đã có,Sửa/lưu được,Dùng trong tín hiệu theo vai trò/filter đang bật; không tự bật quyền broker,Dùng trong replay nến đóng; filter tắt thì tham số phụ không lọc,Chỉ có tác dụng khi nhóm/mode tương ứng được bật.,strategy_engine.py
timeframes.trigger,Đã có,Sửa/lưu được,Dùng trong tín hiệu theo vai trò/filter đang bật; không tự bật quyền broker,Dùng trong replay nến đóng; filter tắt thì tham số phụ không lọc,Chỉ có tác dụng khi nhóm/mode tương ứng được bật.,strategy_engine.py
direction.ma_enabled,Đã có,Sửa/lưu được,Dùng trong tín hiệu theo vai trò/filter đang bật; không tự bật quyền broker,Dùng trong replay nến đóng; filter tắt thì tham số phụ không lọc,Chỉ có tác dụng khi nhóm/mode tương ứng được bật.,strategy_engine.py
direction.ma_type,Đã có,Sửa/lưu được,Dùng trong tín hiệu theo vai trò/filter đang bật; không tự bật quyền broker,Dùng trong replay nến đóng; filter tắt thì tham số phụ không lọc,Chỉ có tác dụng khi nhóm/mode tương ứng được bật.,strategy_engine.py
direction.ma_period,Đã có,Sửa/lưu được,Dùng trong tín hiệu theo vai trò/filter đang bật; không tự bật quyền broker,Dùng trong replay nến đóng; filter tắt thì tham số phụ không lọc,Chỉ có tác dụng khi nhóm/mode tương ứng được bật.,strategy_engine.py
direction.price_source,Đã có,Sửa/lưu được,Dùng trong tín hiệu theo vai trò/filter đang bật; không tự bật quyền broker,Dùng trong replay nến đóng; filter tắt thì tham số phụ không lọc,Chỉ có tác dụng khi nhóm/mode tương ứng được bật.,strategy_engine.py
direction.require_close_side,Đã có,Sửa/lưu được,Dùng trong tín hiệu theo vai trò/filter đang bật; không tự bật quyền broker,Dùng trong replay nến đóng; filter tắt thì tham số phụ không lọc,Chỉ có tác dụng khi nhóm/mode tương ứng được bật.,strategy_engine.py
direction.open_filter_enabled,Đã có,Sửa/lưu được,Dùng trong tín hiệu theo vai trò/filter đang bật; không tự bật quyền broker,Dùng trong replay nến đóng; filter tắt thì tham số phụ không lọc,Chỉ có tác dụng khi nhóm/mode tương ứng được bật.,strategy_engine.py
direction.open_reference_mode,Đã có,Sửa/lưu được,Dùng trong tín hiệu theo vai trò/filter đang bật; không tự bật quyền broker,Dùng trong replay nến đóng; filter tắt thì tham số phụ không lọc,Chỉ có tác dụng khi nhóm/mode tương ứng được bật.,strategy_engine.py
pullback.logic,Đã có,Sửa/lưu được,Dùng trong tín hiệu theo vai trò/filter đang bật; không tự bật quyền broker,Dùng trong replay nến đóng; filter tắt thì tham số phụ không lọc,Chỉ có tác dụng khi nhóm/mode tương ứng được bật.,strategy_engine.py
pullback.rsi_enabled,Đã có,Sửa/lưu được,Dùng trong tín hiệu theo vai trò/filter đang bật; không tự bật quyền broker,Dùng trong replay nến đóng; filter tắt thì tham số phụ không lọc,Chỉ có tác dụng khi nhóm/mode tương ứng được bật.,strategy_engine.py
pullback.rsi_period,Đã có,Sửa/lưu được,Dùng trong tín hiệu theo vai trò/filter đang bật; không tự bật quyền broker,Dùng trong replay nến đóng; filter tắt thì tham số phụ không lọc,Chỉ có tác dụng khi nhóm/mode tương ứng được bật.,strategy_engine.py
pullback.rsi_buy_level,Đã có,Sửa/lưu được,Dùng trong tín hiệu theo vai trò/filter đang bật; không tự bật quyền broker,Dùng trong replay nến đóng; filter tắt thì tham số phụ không lọc,Chỉ có tác dụng khi nhóm/mode tương ứng được bật.,strategy_engine.py
pullback.rsi_sell_level,Đã có,Sửa/lưu được,Dùng trong tín hiệu theo vai trò/filter đang bật; không tự bật quyền broker,Dùng trong replay nến đóng; filter tắt thì tham số phụ không lọc,Chỉ có tác dụng khi nhóm/mode tương ứng được bật.,strategy_engine.py
pullback.z_enabled,Đã có,Sửa/lưu được,Dùng trong tín hiệu theo vai trò/filter đang bật; không tự bật quyền broker,Dùng trong replay nến đóng; filter tắt thì tham số phụ không lọc,Chỉ có tác dụng khi nhóm/mode tương ứng được bật.,strategy_engine.py
pullback.z_period,Đã có,Sửa/lưu được,Dùng trong tín hiệu theo vai trò/filter đang bật; không tự bật quyền broker,Dùng trong replay nến đóng; filter tắt thì tham số phụ không lọc,Chỉ có tác dụng khi nhóm/mode tương ứng được bật.,strategy_engine.py
pullback.z_buy_level,Đã có,Sửa/lưu được,Dùng trong tín hiệu theo vai trò/filter đang bật; không tự bật quyền broker,Dùng trong replay nến đóng; filter tắt thì tham số phụ không lọc,Chỉ có tác dụng khi nhóm/mode tương ứng được bật.,strategy_engine.py
pullback.z_sell_level,Đã có,Sửa/lưu được,Dùng trong tín hiệu theo vai trò/filter đang bật; không tự bật quyền broker,Dùng trong replay nến đóng; filter tắt thì tham số phụ không lọc,Chỉ có tác dụng khi nhóm/mode tương ứng được bật.,strategy_engine.py
trigger.logic,Đã có,Sửa/lưu được,Dùng trong tín hiệu theo vai trò/filter đang bật; không tự bật quyền broker,Dùng trong replay nến đóng; filter tắt thì tham số phụ không lọc,Chỉ có tác dụng khi nhóm/mode tương ứng được bật.,strategy_engine.py
trigger.rsi_enabled,Đã có,Sửa/lưu được,Dùng trong tín hiệu theo vai trò/filter đang bật; không tự bật quyền broker,Dùng trong replay nến đóng; filter tắt thì tham số phụ không lọc,Chỉ có tác dụng khi nhóm/mode tương ứng được bật.,strategy_engine.py
trigger.rsi_period,Đã có,Sửa/lưu được,Dùng trong tín hiệu theo vai trò/filter đang bật; không tự bật quyền broker,Dùng trong replay nến đóng; filter tắt thì tham số phụ không lọc,Chỉ có tác dụng khi nhóm/mode tương ứng được bật.,strategy_engine.py
trigger.rsi_reversal_delta,Đã có,Sửa/lưu được,Dùng trong tín hiệu theo vai trò/filter đang bật; không tự bật quyền broker,Dùng trong replay nến đóng; filter tắt thì tham số phụ không lọc,Chỉ có tác dụng khi nhóm/mode tương ứng được bật.,strategy_engine.py
trigger.z_enabled,Đã có,Sửa/lưu được,Dùng trong tín hiệu theo vai trò/filter đang bật; không tự bật quyền broker,Dùng trong replay nến đóng; filter tắt thì tham số phụ không lọc,Chỉ có tác dụng khi nhóm/mode tương ứng được bật.,strategy_engine.py
trigger.z_period,Đã có,Sửa/lưu được,Dùng trong tín hiệu theo vai trò/filter đang bật; không tự bật quyền broker,Dùng trong replay nến đóng; filter tắt thì tham số phụ không lọc,Chỉ có tác dụng khi nhóm/mode tương ứng được bật.,strategy_engine.py
trigger.z_reversal_delta,Đã có,Sửa/lưu được,Dùng trong tín hiệu theo vai trò/filter đang bật; không tự bật quyền broker,Dùng trong replay nến đóng; filter tắt thì tham số phụ không lọc,Chỉ có tác dụng khi nhóm/mode tương ứng được bật.,strategy_engine.py
trigger.confirm_closed_bar,Một phần,Sửa/lưu được,True: nến đóng; False: tick quan sát + xác nhận từ nến tiếp theo,Chỉ hỗ trợ true; false bị từ chối,Chỉ có tác dụng khi nhóm/mode tương ứng được bật.,strategy_engine.py; backtest.py
filters.adx.enabled,Đã có,Sửa/lưu được,Dùng trong tín hiệu theo vai trò/filter đang bật; không tự bật quyền broker,Dùng trong replay nến đóng; filter tắt thì tham số phụ không lọc,Chỉ có tác dụng khi nhóm/mode tương ứng được bật.,strategy_engine.py
filters.adx.timeframe,Đã có,Sửa/lưu được,Dùng trong tín hiệu theo vai trò/filter đang bật; không tự bật quyền broker,Dùng trong replay nến đóng; filter tắt thì tham số phụ không lọc,Chỉ có tác dụng khi nhóm/mode tương ứng được bật.,strategy_engine.py
filters.adx.period,Đã có,Sửa/lưu được,Dùng trong tín hiệu theo vai trò/filter đang bật; không tự bật quyền broker,Dùng trong replay nến đóng; filter tắt thì tham số phụ không lọc,Chỉ có tác dụng khi nhóm/mode tương ứng được bật.,strategy_engine.py
filters.adx.min,Đã có,Sửa/lưu được,Dùng trong tín hiệu theo vai trò/filter đang bật; không tự bật quyền broker,Dùng trong replay nến đóng; filter tắt thì tham số phụ không lọc,Chỉ có tác dụng khi nhóm/mode tương ứng được bật.,strategy_engine.py
filters.adx.max,Đã có,Sửa/lưu được,Dùng trong tín hiệu theo vai trò/filter đang bật; không tự bật quyền broker,Dùng trong replay nến đóng; filter tắt thì tham số phụ không lọc,Chỉ có tác dụng khi nhóm/mode tương ứng được bật.,strategy_engine.py
filters.atr.enabled,Đã có,Sửa/lưu được,Dùng trong tín hiệu theo vai trò/filter đang bật; không tự bật quyền broker,Dùng trong replay nến đóng; filter tắt thì tham số phụ không lọc,Chỉ có tác dụng khi nhóm/mode tương ứng được bật.,strategy_engine.py
filters.atr.timeframe,Đã có,Sửa/lưu được,Dùng trong tín hiệu theo vai trò/filter đang bật; không tự bật quyền broker,Dùng trong replay nến đóng; filter tắt thì tham số phụ không lọc,Chỉ có tác dụng khi nhóm/mode tương ứng được bật.,strategy_engine.py
filters.atr.period,Đã có,Sửa/lưu được,Dùng trong tín hiệu theo vai trò/filter đang bật; không tự bật quyền broker,Dùng trong replay nến đóng; filter tắt thì tham số phụ không lọc,Chỉ có tác dụng khi nhóm/mode tương ứng được bật.,strategy_engine.py
filters.atr.min_price_units,Đã có,Sửa/lưu được,Dùng trong tín hiệu theo vai trò/filter đang bật; không tự bật quyền broker,Dùng trong replay nến đóng; filter tắt thì tham số phụ không lọc,Chỉ có tác dụng khi nhóm/mode tương ứng được bật.,strategy_engine.py
filters.atr.max_price_units,Đã có,Sửa/lưu được,Dùng trong tín hiệu theo vai trò/filter đang bật; không tự bật quyền broker,Dùng trong replay nến đóng; filter tắt thì tham số phụ không lọc,Chỉ có tác dụng khi nhóm/mode tương ứng được bật.,strategy_engine.py
filters.open.enabled,Đã có,Sửa/lưu được,Dùng trong tín hiệu theo vai trò/filter đang bật; không tự bật quyền broker,Dùng trong replay nến đóng; filter tắt thì tham số phụ không lọc,Chỉ có tác dụng khi nhóm/mode tương ứng được bật.,strategy_engine.py
filters.open.reference_mode,Đã có,Sửa/lưu được,Dùng trong tín hiệu theo vai trò/filter đang bật; không tự bật quyền broker,Dùng trong replay nến đóng; filter tắt thì tham số phụ không lọc,Chỉ có tác dụng khi nhóm/mode tương ứng được bật.,strategy_engine.py
filters.open.buffer_price_units,Đã có,Sửa/lưu được,Dùng trong tín hiệu theo vai trò/filter đang bật; không tự bật quyền broker,Dùng trong replay nến đóng; filter tắt thì tham số phụ không lọc,Chỉ có tác dụng khi nhóm/mode tương ứng được bật.,strategy_engine.py
entry.mode,Một phần,Sửa/lưu được,Chỉ MARKET; STOP_CONFIRM bị từ chối,MARKET và STOP_CONFIRM,Chỉ có tác dụng khi nhóm/mode tương ứng được bật.,demo_once.py; backtest.py
entry.pending_buffer_price_units,Chỉ mô phỏng,Sửa/lưu được,Không áp dụng vì DEMO chưa hỗ trợ pending,Dùng cho STOP_CONFIRM/pending khi chế độ đó bật,Chỉ có tác dụng khi nhóm/mode tương ứng được bật.,backtest.py
entry.pending_expiration_minutes,Chỉ mô phỏng,Sửa/lưu được,Không áp dụng vì DEMO chưa hỗ trợ pending,Dùng cho STOP_CONFIRM/pending khi chế độ đó bật,Chỉ có tác dụng khi nhóm/mode tương ứng được bật.,backtest.py
entry.cancel_on_opposite_setup,Chỉ mô phỏng,Sửa/lưu được,Không áp dụng vì DEMO chưa hỗ trợ pending,Dùng cho STOP_CONFIRM/pending khi chế độ đó bật,Chỉ có tác dụng khi nhóm/mode tương ứng được bật.,backtest.py
entry.cancel_on_direction_change,Chỉ mô phỏng,Sửa/lưu được,Không áp dụng vì DEMO chưa hỗ trợ pending,Dùng cho STOP_CONFIRM/pending khi chế độ đó bật,Chỉ có tác dụng khi nhóm/mode tương ứng được bật.,backtest.py
entry.max_signal_age_bars,Đã có,Sửa/lưu được,Giới hạn tuổi setup intrabar; đường gửi còn kiểm độ mới tín hiệu,Giới hạn tuổi tín hiệu trong replay,Chỉ có tác dụng khi nhóm/mode tương ứng được bật.,strategy_engine.py; backtest.py
risk.sizing_mode,Một phần,Sửa/lưu được,"Trần DEMO ≤0,01; risk_percent kiểm tiền lỗ, chưa tính lot theo % đầy đủ",Sizing theo % hoặc lot cố định,Chỉ có tác dụng khi nhóm/mode tương ứng được bật.,demo_once.py; backtest.py
risk.risk_percent,Một phần,Sửa/lưu được,"Trần DEMO ≤0,01; risk_percent kiểm tiền lỗ, chưa tính lot theo % đầy đủ",Sizing theo % hoặc lot cố định,Chỉ có tác dụng khi nhóm/mode tương ứng được bật.,demo_once.py; backtest.py
risk.fixed_lot,Có điều kiện,Sửa/lưu được,Có guard tiền/lot/ngày/cooldown tương ứng; vẫn chỉ một lần gửi DEMO,Có dùng khi điều kiện cha áp dụng,Chỉ có tác dụng khi nhóm/mode tương ứng được bật.,demo_once.py; backtest.py
risk.max_lot,Có điều kiện,Sửa/lưu được,Có guard tiền/lot/ngày/cooldown tương ứng; vẫn chỉ một lần gửi DEMO,Có dùng khi điều kiện cha áp dụng,Chỉ có tác dụng khi nhóm/mode tương ứng được bật.,demo_once.py; backtest.py
risk.max_daily_loss_pct,Có điều kiện,Sửa/lưu được,Có guard tiền/lot/ngày/cooldown tương ứng; vẫn chỉ một lần gửi DEMO,Có dùng khi điều kiện cha áp dụng,Chỉ có tác dụng khi nhóm/mode tương ứng được bật.,demo_once.py; backtest.py
risk.max_trades_per_day,Có điều kiện,Sửa/lưu được,Có guard tiền/lot/ngày/cooldown tương ứng; vẫn chỉ một lần gửi DEMO,Có dùng khi điều kiện cha áp dụng,Chỉ có tác dụng khi nhóm/mode tương ứng được bật.,demo_once.py; backtest.py
risk.max_open_positions,Một phần,Sửa/lưu được,Không cho thêm lệnh khi symbol đã có vị thế/lệnh chờ; giá trị >1 chưa mở rộng được,Có giới hạn vị thế trong replay,Chỉ có tác dụng khi nhóm/mode tương ứng được bật.,demo_once.py; backtest.py
risk.cooldown_minutes,Có điều kiện,Sửa/lưu được,Có guard tiền/lot/ngày/cooldown tương ứng; vẫn chỉ một lần gửi DEMO,Có dùng khi điều kiện cha áp dụng,Chỉ có tác dụng khi nhóm/mode tương ứng được bật.,demo_once.py; backtest.py
risk.max_consecutive_losses,Có điều kiện,Sửa/lưu được,Có guard tiền/lot/ngày/cooldown tương ứng; vẫn chỉ một lần gửi DEMO,Có dùng khi điều kiện cha áp dụng,Chỉ có tác dụng khi nhóm/mode tương ứng được bật.,demo_once.py; backtest.py
risk.stop_after_daily_target,Có điều kiện,Sửa/lưu được,Có guard tiền/lot/ngày/cooldown tương ứng; vẫn chỉ một lần gửi DEMO,Có dùng khi điều kiện cha áp dụng,Chỉ có tác dụng khi nhóm/mode tương ứng được bật.,demo_once.py; backtest.py
risk.daily_target_pct,Có điều kiện,Sửa/lưu được,Có guard tiền/lot/ngày/cooldown tương ứng; vẫn chỉ một lần gửi DEMO,Có dùng khi điều kiện cha áp dụng,Chỉ có tác dụng khi nhóm/mode tương ứng được bật.,demo_once.py; backtest.py
stop_loss.mode,Đã có,Sửa/lưu được,Dùng trong tính SL ban đầu theo mode FIXED/STRUCTURE/ATR; không phải trailing,Có dùng theo mode SL và miền min/max,Chỉ có tác dụng khi nhóm/mode tương ứng được bật.,demo_once.py; backtest.py
stop_loss.fixed_price_units,Đã có,Sửa/lưu được,Dùng trong tính SL ban đầu theo mode FIXED/STRUCTURE/ATR; không phải trailing,Có dùng theo mode SL và miền min/max,Chỉ có tác dụng khi nhóm/mode tương ứng được bật.,demo_once.py; backtest.py
stop_loss.atr_timeframe,Đã có,Sửa/lưu được,Dùng trong tính SL ban đầu theo mode FIXED/STRUCTURE/ATR; không phải trailing,Có dùng theo mode SL và miền min/max,Chỉ có tác dụng khi nhóm/mode tương ứng được bật.,demo_once.py; backtest.py
stop_loss.atr_period,Đã có,Sửa/lưu được,Dùng trong tính SL ban đầu theo mode FIXED/STRUCTURE/ATR; không phải trailing,Có dùng theo mode SL và miền min/max,Chỉ có tác dụng khi nhóm/mode tương ứng được bật.,demo_once.py; backtest.py
stop_loss.atr_multiplier,Đã có,Sửa/lưu được,Dùng trong tính SL ban đầu theo mode FIXED/STRUCTURE/ATR; không phải trailing,Có dùng theo mode SL và miền min/max,Chỉ có tác dụng khi nhóm/mode tương ứng được bật.,demo_once.py; backtest.py
stop_loss.structure_timeframe,Đã có,Sửa/lưu được,Dùng trong tính SL ban đầu theo mode FIXED/STRUCTURE/ATR; không phải trailing,Có dùng theo mode SL và miền min/max,Chỉ có tác dụng khi nhóm/mode tương ứng được bật.,demo_once.py; backtest.py
stop_loss.structure_lookback,Đã có,Sửa/lưu được,Dùng trong tính SL ban đầu theo mode FIXED/STRUCTURE/ATR; không phải trailing,Có dùng theo mode SL và miền min/max,Chỉ có tác dụng khi nhóm/mode tương ứng được bật.,demo_once.py; backtest.py
stop_loss.structure_buffer_price_units,Đã có,Sửa/lưu được,Dùng trong tính SL ban đầu theo mode FIXED/STRUCTURE/ATR; không phải trailing,Có dùng theo mode SL và miền min/max,Chỉ có tác dụng khi nhóm/mode tương ứng được bật.,demo_once.py; backtest.py
stop_loss.min_price_units,Đã có,Sửa/lưu được,Dùng trong tính SL ban đầu theo mode FIXED/STRUCTURE/ATR; không phải trailing,Có dùng theo mode SL và miền min/max,Chỉ có tác dụng khi nhóm/mode tương ứng được bật.,demo_once.py; backtest.py
stop_loss.max_price_units,Đã có,Sửa/lưu được,Dùng trong tính SL ban đầu theo mode FIXED/STRUCTURE/ATR; không phải trailing,Có dùng theo mode SL và miền min/max,Chỉ có tác dụng khi nhóm/mode tương ứng được bật.,demo_once.py; backtest.py
take_profit.mode,Một phần,Sửa/lưu được,Chỉ FIXED/RR; ZRSI_DYNAMIC bị từ chối,FIXED/RR/ZRSI_DYNAMIC,Chỉ có tác dụng khi nhóm/mode tương ứng được bật.,demo_once.py; backtest.py
take_profit.fixed_price_units,Đã có,Sửa/lưu được,Tính TP ban đầu theo FIXED hoặc RR,Có dùng theo mode TP,Chỉ có tác dụng khi nhóm/mode tương ứng được bật.,demo_once.py; backtest.py
take_profit.rr_ratio,Đã có,Sửa/lưu được,Tính TP ban đầu theo FIXED hoặc RR,Có dùng theo mode TP,Chỉ có tác dụng khi nhóm/mode tương ứng được bật.,demo_once.py; backtest.py
take_profit.dynamic.near_tp_distance,Chỉ mô phỏng,Sửa/lưu được,Chưa có quản lý TP động broker,Có dùng khi TP ZRSI_DYNAMIC bật,Chỉ có tác dụng khi nhóm/mode tương ứng được bật.,backtest.py
take_profit.dynamic.extend_use_z,Chỉ mô phỏng,Sửa/lưu được,Chưa có quản lý TP động broker,Có dùng khi TP ZRSI_DYNAMIC bật,Chỉ có tác dụng khi nhóm/mode tương ứng được bật.,backtest.py
take_profit.dynamic.extend_use_rsi,Chỉ mô phỏng,Sửa/lưu được,Chưa có quản lý TP động broker,Có dùng khi TP ZRSI_DYNAMIC bật,Chỉ có tác dụng khi nhóm/mode tương ứng được bật.,backtest.py
take_profit.dynamic.extend_logic,Chỉ mô phỏng,Sửa/lưu được,Chưa có quản lý TP động broker,Có dùng khi TP ZRSI_DYNAMIC bật,Chỉ có tác dụng khi nhóm/mode tương ứng được bật.,backtest.py
take_profit.dynamic.exit_z_reverse_delta,Chỉ mô phỏng,Sửa/lưu được,Chưa có quản lý TP động broker,Có dùng khi TP ZRSI_DYNAMIC bật,Chỉ có tác dụng khi nhóm/mode tương ứng được bật.,backtest.py
take_profit.dynamic.exit_rsi_reverse_delta,Chỉ mô phỏng,Sửa/lưu được,Chưa có quản lý TP động broker,Có dùng khi TP ZRSI_DYNAMIC bật,Chỉ có tác dụng khi nhóm/mode tương ứng được bật.,backtest.py
take_profit.dynamic.lock_sl_at_original_tp,Chỉ mô phỏng,Sửa/lưu được,Chưa có quản lý TP động broker,Có dùng khi TP ZRSI_DYNAMIC bật,Chỉ có tác dụng khi nhóm/mode tương ứng được bật.,backtest.py
take_profit.dynamic.lock_profit_buffer,Chỉ mô phỏng,Sửa/lưu được,Chưa có quản lý TP động broker,Có dùng khi TP ZRSI_DYNAMIC bật,Chỉ có tác dụng khi nhóm/mode tương ứng được bật.,backtest.py
take_profit.dynamic.max_extension_price_units,Chỉ mô phỏng,Sửa/lưu được,Chưa có quản lý TP động broker,Có dùng khi TP ZRSI_DYNAMIC bật,Chỉ có tác dụng khi nhóm/mode tương ứng được bật.,backtest.py
take_profit.dynamic.max_extension_minutes,Chỉ mô phỏng,Sửa/lưu được,Chưa có quản lý TP động broker,Có dùng khi TP ZRSI_DYNAMIC bật,Chỉ có tác dụng khi nhóm/mode tương ứng được bật.,backtest.py
take_profit.dynamic.emergency_server_tp_enabled,Chỉ mô phỏng,Sửa/lưu được,Chưa có quản lý TP động broker,Có dùng khi TP ZRSI_DYNAMIC bật,Chỉ có tác dụng khi nhóm/mode tương ứng được bật.,backtest.py
take_profit.dynamic.emergency_server_tp_price_units,Chỉ mô phỏng,Sửa/lưu được,Chưa có quản lý TP động broker,Có dùng khi TP ZRSI_DYNAMIC bật,Chỉ có tác dụng khi nhóm/mode tương ứng được bật.,backtest.py
management.breakeven_enabled,Chỉ mô phỏng,Sửa/lưu được,Không có vòng quản lý broker; các cờ bật vẫn qua được profile guard,Có BE/partial/trailing/tighten theo cờ và mode; ZRSI_ASSIST cần dynamic TP,Chỉ có tác dụng khi nhóm/mode tương ứng được bật.,backtest.py; demo_once.py
management.breakeven_trigger_rr,Chỉ mô phỏng,Sửa/lưu được,Không có vòng quản lý broker; các cờ bật vẫn qua được profile guard,Có BE/partial/trailing/tighten theo cờ và mode; ZRSI_ASSIST cần dynamic TP,Chỉ có tác dụng khi nhóm/mode tương ứng được bật.,backtest.py; demo_once.py
management.breakeven_offset_price_units,Chỉ mô phỏng,Sửa/lưu được,Không có vòng quản lý broker; các cờ bật vẫn qua được profile guard,Có BE/partial/trailing/tighten theo cờ và mode; ZRSI_ASSIST cần dynamic TP,Chỉ có tác dụng khi nhóm/mode tương ứng được bật.,backtest.py; demo_once.py
management.partial_close_enabled,Chỉ mô phỏng,Sửa/lưu được,Không có vòng quản lý broker; các cờ bật vẫn qua được profile guard,Có BE/partial/trailing/tighten theo cờ và mode; ZRSI_ASSIST cần dynamic TP,Chỉ có tác dụng khi nhóm/mode tương ứng được bật.,backtest.py; demo_once.py
management.partial_close_at_rr,Chỉ mô phỏng,Sửa/lưu được,Không có vòng quản lý broker; các cờ bật vẫn qua được profile guard,Có BE/partial/trailing/tighten theo cờ và mode; ZRSI_ASSIST cần dynamic TP,Chỉ có tác dụng khi nhóm/mode tương ứng được bật.,backtest.py; demo_once.py
management.partial_close_percent,Chỉ mô phỏng,Sửa/lưu được,Không có vòng quản lý broker; các cờ bật vẫn qua được profile guard,Có BE/partial/trailing/tighten theo cờ và mode; ZRSI_ASSIST cần dynamic TP,Chỉ có tác dụng khi nhóm/mode tương ứng được bật.,backtest.py; demo_once.py
management.trailing_enabled,Chỉ mô phỏng,Sửa/lưu được,Không có vòng quản lý broker; các cờ bật vẫn qua được profile guard,Có BE/partial/trailing/tighten theo cờ và mode; ZRSI_ASSIST cần dynamic TP,Chỉ có tác dụng khi nhóm/mode tương ứng được bật.,backtest.py; demo_once.py
management.trailing_mode,Chỉ mô phỏng,Sửa/lưu được,Không có vòng quản lý broker; các cờ bật vẫn qua được profile guard,Có BE/partial/trailing/tighten theo cờ và mode; ZRSI_ASSIST cần dynamic TP,Chỉ có tác dụng khi nhóm/mode tương ứng được bật.,backtest.py; demo_once.py
management.trailing_atr_multiplier,Chỉ mô phỏng,Sửa/lưu được,Không có vòng quản lý broker; các cờ bật vẫn qua được profile guard,Có BE/partial/trailing/tighten theo cờ và mode; ZRSI_ASSIST cần dynamic TP,Chỉ có tác dụng khi nhóm/mode tương ứng được bật.,backtest.py; demo_once.py
management.trailing_structure_lookback,Chỉ mô phỏng,Sửa/lưu được,Không có vòng quản lý broker; các cờ bật vẫn qua được profile guard,Có BE/partial/trailing/tighten theo cờ và mode; ZRSI_ASSIST cần dynamic TP,Chỉ có tác dụng khi nhóm/mode tương ứng được bật.,backtest.py; demo_once.py
management.trailing_step_price_units,Chỉ mô phỏng,Sửa/lưu được,Không có vòng quản lý broker; các cờ bật vẫn qua được profile guard,Có BE/partial/trailing/tighten theo cờ và mode; ZRSI_ASSIST cần dynamic TP,Chỉ có tác dụng khi nhóm/mode tương ứng được bật.,backtest.py; demo_once.py
management.sl_tighten_mode,Chỉ mô phỏng,Sửa/lưu được,Không có vòng quản lý broker; các cờ bật vẫn qua được profile guard,Có BE/partial/trailing/tighten theo cờ và mode; ZRSI_ASSIST cần dynamic TP,Chỉ có tác dụng khi nhóm/mode tương ứng được bật.,backtest.py; demo_once.py
sessions.timezone,Một phần,Sửa/lưu được,BROKER/UTC; UTC cần offset broker; các chuỗi khác bị từ chối lúc arm,BROKER/UTC; các chuỗi khác bị từ chối,Chỉ có tác dụng khi nhóm/mode tương ứng được bật.,demo_once.py; backtest.py
sessions.session1_enabled,Đã có,Sửa/lưu được,Kiểm ngày và hai cửa sổ phiên theo timezone; không phải giờ máy nếu BROKER,Có lọc ngày/phiên,Chỉ có tác dụng khi nhóm/mode tương ứng được bật.,demo_once.py; backtest.py
sessions.session1_start,Đã có,Sửa/lưu được,Kiểm ngày và hai cửa sổ phiên theo timezone; không phải giờ máy nếu BROKER,Có lọc ngày/phiên,Chỉ có tác dụng khi nhóm/mode tương ứng được bật.,demo_once.py; backtest.py
sessions.session1_end,Đã có,Sửa/lưu được,Kiểm ngày và hai cửa sổ phiên theo timezone; không phải giờ máy nếu BROKER,Có lọc ngày/phiên,Chỉ có tác dụng khi nhóm/mode tương ứng được bật.,demo_once.py; backtest.py
sessions.session2_enabled,Đã có,Sửa/lưu được,Kiểm ngày và hai cửa sổ phiên theo timezone; không phải giờ máy nếu BROKER,Có lọc ngày/phiên,Chỉ có tác dụng khi nhóm/mode tương ứng được bật.,demo_once.py; backtest.py
sessions.session2_start,Đã có,Sửa/lưu được,Kiểm ngày và hai cửa sổ phiên theo timezone; không phải giờ máy nếu BROKER,Có lọc ngày/phiên,Chỉ có tác dụng khi nhóm/mode tương ứng được bật.,demo_once.py; backtest.py
sessions.session2_end,Đã có,Sửa/lưu được,Kiểm ngày và hai cửa sổ phiên theo timezone; không phải giờ máy nếu BROKER,Có lọc ngày/phiên,Chỉ có tác dụng khi nhóm/mode tương ứng được bật.,demo_once.py; backtest.py
sessions.monday,Đã có,Sửa/lưu được,Kiểm ngày và hai cửa sổ phiên theo timezone; không phải giờ máy nếu BROKER,Có lọc ngày/phiên,Chỉ có tác dụng khi nhóm/mode tương ứng được bật.,demo_once.py; backtest.py
sessions.tuesday,Đã có,Sửa/lưu được,Kiểm ngày và hai cửa sổ phiên theo timezone; không phải giờ máy nếu BROKER,Có lọc ngày/phiên,Chỉ có tác dụng khi nhóm/mode tương ứng được bật.,demo_once.py; backtest.py
sessions.wednesday,Đã có,Sửa/lưu được,Kiểm ngày và hai cửa sổ phiên theo timezone; không phải giờ máy nếu BROKER,Có lọc ngày/phiên,Chỉ có tác dụng khi nhóm/mode tương ứng được bật.,demo_once.py; backtest.py
sessions.thursday,Đã có,Sửa/lưu được,Kiểm ngày và hai cửa sổ phiên theo timezone; không phải giờ máy nếu BROKER,Có lọc ngày/phiên,Chỉ có tác dụng khi nhóm/mode tương ứng được bật.,demo_once.py; backtest.py
sessions.friday,Đã có,Sửa/lưu được,Kiểm ngày và hai cửa sổ phiên theo timezone; không phải giờ máy nếu BROKER,Có lọc ngày/phiên,Chỉ có tác dụng khi nhóm/mode tương ứng được bật.,demo_once.py; backtest.py
sessions.saturday,Đã có,Sửa/lưu được,Kiểm ngày và hai cửa sổ phiên theo timezone; không phải giờ máy nếu BROKER,Có lọc ngày/phiên,Chỉ có tác dụng khi nhóm/mode tương ứng được bật.,demo_once.py; backtest.py
sessions.sunday,Đã có,Sửa/lưu được,Kiểm ngày và hai cửa sổ phiên theo timezone; không phải giờ máy nếu BROKER,Có lọc ngày/phiên,Chỉ có tác dụng khi nhóm/mode tương ứng được bật.,demo_once.py; backtest.py
sessions.weekend_close_enabled,Chưa có,Sửa/lưu được,"Chỉ lưu, không có consumer thực thi",Cũng không có consumer đóng trước cuối tuần,Chỉ có tác dụng khi nhóm/mode tương ứng được bật.,config_schema.py
sessions.weekend_close_minutes_before,Chưa có,Sửa/lưu được,"Chỉ lưu, không có consumer thực thi",Cũng không có consumer đóng trước cuối tuần,Chỉ có tác dụng khi nhóm/mode tương ứng được bật.,config_schema.py
news.enabled,Chưa có,Sửa/lưu được,Bật news bị chặn: NEWS_GUARD_UNAVAILABLE; không có lịch tin,Bật news bị từ chối vì thiếu lịch sử tin,Chỉ có tác dụng khi nhóm/mode tương ứng được bật.,demo_once.py; backtest.py
news.minutes_before,Chưa có,Sửa/lưu được,Bật news bị chặn: NEWS_GUARD_UNAVAILABLE; không có lịch tin,Bật news bị từ chối vì thiếu lịch sử tin,Chỉ có tác dụng khi nhóm/mode tương ứng được bật.,demo_once.py; backtest.py
news.minutes_after,Chưa có,Sửa/lưu được,Bật news bị chặn: NEWS_GUARD_UNAVAILABLE; không có lịch tin,Bật news bị từ chối vì thiếu lịch sử tin,Chỉ có tác dụng khi nhóm/mode tương ứng được bật.,demo_once.py; backtest.py
news.high_impact_only,Chưa có,Sửa/lưu được,Bật news bị chặn: NEWS_GUARD_UNAVAILABLE; không có lịch tin,Bật news bị từ chối vì thiếu lịch sử tin,Chỉ có tác dụng khi nhóm/mode tương ứng được bật.,demo_once.py; backtest.py
costs.max_spread_price_units,Lỗi lệch phạm vi,Sửa/lưu được,"Có spread/deviation/RR và phí dự phòng; trần commission là dự phòng, không đo mức phí tương lai",Nhóm costs trong profile không được đọc; chỉ spread/commission nhập tay được tính. B06: siết trần vẫn cùng giao dịch,Chỉ có tác dụng khi nhóm/mode tương ứng được bật.,demo_once.py; backtest.py
costs.max_commission_per_lot,Lỗi lệch phạm vi,Sửa/lưu được,"Có spread/deviation/RR và phí dự phòng; trần commission là dự phòng, không đo mức phí tương lai",Nhóm costs trong profile không được đọc; chỉ spread/commission nhập tay được tính. B06: siết trần vẫn cùng giao dịch,Chỉ có tác dụng khi nhóm/mode tương ứng được bật.,demo_once.py; backtest.py
costs.min_net_rr,Lỗi lệch phạm vi,Sửa/lưu được,"Có spread/deviation/RR và phí dự phòng; trần commission là dự phòng, không đo mức phí tương lai",Nhóm costs trong profile không được đọc; chỉ spread/commission nhập tay được tính. B06: siết trần vẫn cùng giao dịch,Chỉ có tác dụng khi nhóm/mode tương ứng được bật.,demo_once.py; backtest.py
costs.max_slippage_points,Lỗi lệch phạm vi,Sửa/lưu được,"Có spread/deviation/RR và phí dự phòng; trần commission là dự phòng, không đo mức phí tương lai",Nhóm costs trong profile không được đọc; chỉ spread/commission nhập tay được tính. B06: siết trần vẫn cùng giao dịch,Chỉ có tác dụng khi nhóm/mode tương ứng được bật.,demo_once.py; backtest.py
execution.magic,Có điều kiện,Sửa/lưu được,Phải khớp InpMagic ở EA; đổi profile không tự đổi Inputs EA,"Dữ liệu cấu hình của lần replay, không điều khiển MT5",Chỉ có tác dụng khi nhóm/mode tương ứng được bật.,demo_once.py
execution.order_comment,Chưa có,Sửa/lưu được,Bị bỏ qua; EA dùng X1:attempt để đối chiếu,Không có consumer cho comment tùy chỉnh,Chỉ có tác dụng khi nhóm/mode tương ứng được bật.,config_schema.py; ../../mql5/XAUPY_DemoOnce.mqh
execution.max_retry_count,Khóa cố định,Khóa,max_retry=0; demo_only=true; allow_real=false; không phải tùy chọn người dùng tự quyết,Replay không cần quyền giao dịch broker,Chỉ có tác dụng khi nhóm/mode tương ứng được bật.,config_schema.py
execution.demo_only,Khóa cố định,Khóa,max_retry=0; demo_only=true; allow_real=false; không phải tùy chọn người dùng tự quyết,Replay không cần quyền giao dịch broker,Chỉ có tác dụng khi nhóm/mode tương ứng được bật.,config_schema.py
execution.allow_real_account,Khóa cố định,Khóa,max_retry=0; demo_only=true; allow_real=false; không phải tùy chọn người dùng tự quyết,Replay không cần quyền giao dịch broker,Chỉ có tác dụng khi nhóm/mode tương ứng được bật.,config_schema.py
safety.never_widen_sl,Khóa cố định,Khóa,Luôn true; stale/server SL có guard cứng. never_widen không tạo ra vòng quản lý SL broker,Replay giữ nguyên tắc bảo vệ; không được phép thay cờ false,Chỉ có tác dụng khi nhóm/mode tương ứng được bật.,config_schema.py; demo_once.py; backtest.py
safety.require_server_sl,Khóa cố định,Khóa,Luôn true; stale/server SL có guard cứng. never_widen không tạo ra vòng quản lý SL broker,Replay giữ nguyên tắc bảo vệ; không được phép thay cờ false,Chỉ có tác dụng khi nhóm/mode tương ứng được bật.,config_schema.py; demo_once.py; backtest.py
safety.block_on_stale_market_data,Khóa cố định,Khóa,Luôn true; stale/server SL có guard cứng. never_widen không tạo ra vòng quản lý SL broker,Replay giữ nguyên tắc bảo vệ; không được phép thay cờ false,Chỉ có tác dụng khi nhóm/mode tương ứng được bật.,config_schema.py; demo_once.py; backtest.py
logging.csv_enabled,Đã có,Sửa/lưu được,CSV log / decision trace được đọc tại server,Không phải một tham số tạo lợi nhuận,Chỉ có tác dụng khi nhóm/mode tương ứng được bật.,server.py
logging.decision_trace_enabled,Đã có,Sửa/lưu được,CSV log / decision trace được đọc tại server,Không phải một tham số tạo lợi nhuận,Chỉ có tác dụng khi nhóm/mode tương ứng được bật.,server.py
