candidate,segment,total_trades,net_profit,profit_factor,max_drawdown_usd,max_drawdown_pct,result_hash
RSI-r7-60-z20-2.5-sl3,train,284,-112.98,0.77142048,146.91,14.64559864,0ce116f1d7bf79a9187dd4a9594c857f41314f428f724faab8d0b983ff768560
RSI-r7-60-z20-2.5-sl5,train,288,-52.46,0.92814486,153.93,14.0823552,5d93b75707eea10b77644e18c3df46d96c2333f65b5e8890ef458267c3009017
RSI-r14-65-z20-2.5-sl3,train,279,-91.73,0.80846488,131.96,12.86548567,7e6472b262ca2a6b5c3e2a5dee712a29529db07ac599c306e1aefcf6308da84b
RSI-r14-65-z20-2.5-sl5,train,263,-212.81,0.72024451,249.78,24.43672651,e41e3c043f05a432d6f485fc10fec075c7b75da88d9df87e1dd6237582e95651
Z-r14-65-z20-2.5-sl3,train,99,-63.13,0.69308182,71.11,7.05470347,6dd8d5337ffe3d26c724179cea5f80c5dff5dab76a9cbc4ee7b1182454ed4dea
Z-r14-65-z20-2.5-sl5,train,96,-54.72,0.80013149,80.55,7.95964347,b1f6dcea4036d6a54c711137da02407d4921394cecfeebdda99c51246ef4825c
Z-r14-65-z30-2-sl3,train,275,-58.35,0.8724395,69.53,6.89562837,74286f8c7accf4cd08d78a0d682f98f3d260bc0e505219d9f7d0ae37f29f7dc7
Z-r14-65-z30-2-sl5,train,272,-77.64,0.89291182,175.75,16.38908575,940ea2559132cbef348743cbfa0099ac84d96ca60fd4aaf9c4aed5d177ceb50a
AND-r7-60-z20-2.5-sl3,train,8,-12.46,0.32356135,17.3,1.72166713,eb90c4a4bbdf6705a04a8e234330c8167efea3bd0d74c60e141161248e6a560a
AND-r7-60-z20-2.5-sl5,train,8,-20.46,0.32741617,25.32,2.519754,e89f972f6f8fcbd744b5582b1b212313900f388f47c7c5251a1bb10b62a05af9
AND-r14-65-z20-2-sl3,train,75,-48.75,0.64712269,58.76,5.85241477,e551f24fd495e4a050957bebed440378d3ad3f2c0a06f921b04377eab20f8888
AND-r14-65-z20-2-sl5,train,72,-68.34,0.67123683,79.61,7.95074354,5ecad842de87f9cc62525896070e8bedc436baf2e1ecbb7ff1447795a389723d
OR-r7-60-z20-2.5-sl3,train,278,-112.26,0.76408532,137.18,13.67574196,971c0e8c6ad9b6ceb04e4e450cd0e1f2a8f936bb8d898bbaf35d91e53e0b3efd
OR-r7-60-z20-2.5-sl5,train,282,-41.84,0.94019953,106.67,10.26018372,e323352a79213e916afb7f755a3ed5367eb48d75e67c1bee6b575cda683e26a6
OR-r14-65-z30-2-sl3,train,275,-90.95,0.80249729,108.02,10.79412029,af8af81b24d18c99d1550f47030f205a2d2449b2e7ff711cd06efd6b9342ada0
OR-r14-65-z30-2-sl5,train,270,-267.5,0.65960425,291.78,28.95102397,14cf339fde6b4d0afc78cd50761614b5777f163f8420d97ee2f14e0b1fc26e48
AND-r14-65-z20-2-sl3,validation,22,-37.14,0.24389251,44.09,4.3834881,0e0ceec78c05e8a8891291b47972ec1bf0224c869163ac99e06899d66019b177
Z-r14-65-z30-2-sl3,validation,82,-114.64,0.29543359,120.51,11.98067345,aee4096108d1f2c1c07c10514b03e1db11bd59f3e47c48dd593c3a5749fcaf8b
Z-r14-65-z20-2.5-sl5,validation,28,-81.66,0.26788596,81.66,8.166,24af208991dfe2532d2d125096c9b3f47cadf23d71afca199943f9a98d3c1b68
Z-r14-65-z30-2-sl3,test,87,-76.59,0.55450209,84.67,8.39913499,d4a88d7bcb59d670e7c6b75bce1695678c9ecbee4262a5dc4954306ae3ee724e
Z-r14-65-z30-2-sl3,test-stress,74,-81.98,0.46592834,89.76,8.90670583,2d4ead2f5614264899d19a1451ee73bf23b6da209e53838bcb816ab7e9425e4a
Z-r14-65-z30-2-sl3,full,444,-249.58,0.68489761,257.9,25.57719772,1c3f649a5770a442e901da11bbf517be4e2a6c902abbe5a027c76484b4328d32
