id,tab,function,baseline,release_status,evidence,acceptance
UI-001,Tổng quan,"Thu nhỏ, phóng to, đóng cửa sổ",Đã triển khai,IMPLEMENTED_LOCAL_VERIFIED,Mã; release-v1 Python/IPC/Desktop regression suites,Có xử lý cửa sổ native.
UI-002,Tổng quan,Điều hướng đủ 10 tab,Đã triển khai,IMPLEMENTED_LOCAL_VERIFIED,Mã + 84 kiểm tra UI; release-v1 Python/IPC/Desktop regression suites,Các tab thật được tạo và gắn với Engine.
UI-003,Tổng quan,Bắt đầu / dừng Python Engine,Đã triển khai,IMPLEMENTED_LOCAL_VERIFIED,Mã + kiểm tra cách ly; release-v1 Python/IPC/Desktop regression suites,"Khởi động, kết nối, dừng tiến trình Engine. Nút này không phải bật/tắt giao dịch tự động chung."
UI-004,Tổng quan,"Bid, Ask, spread, thời điểm giá",Đã triển khai,IMPLEMENTED_LOCAL_VERIFIED,Mã + luồng đang chạy; release-v1 Python/IPC/Desktop regression suites,Dùng tick thật; có phân biệt giá gần nhất với trạng thái kết nối.
UI-005,Tổng quan,"Balance, equity, free margin, loại tài khoản",Đã triển khai,IMPLEMENTED_LOCAL_VERIFIED,Mã + luồng đang chạy; release-v1 Python/IPC/Desktop regression suites,"Đọc từ MT5 Bridge, không phải số mẫu trong ảnh."
UI-006,Tổng quan,Lợi nhuận hôm nay,Chưa có,IMPLEMENTED_LIVE_DATA_VERIFIED,monitoring.py; MonitoringDashboard.Services.cs; MainWindow.LiveSummary.cs; artifacts/release-v1-live-services.json; artifacts/release-v1-ui-live,"EA 1.020 / Python / Desktop kết nối thật, 18/18 kiểm dịch vụ đạt; 45/45 chỉ báo cùng nến khớp, lịch 92 sự kiện, scanner 9 khung, logs MT5 và tài nguyên đo thật. DD có phạm vi các mẫu đã quan sát."
UI-007,Tổng quan,Số lệnh hôm nay,Chưa có,IMPLEMENTED_LIVE_DATA_VERIFIED,monitoring.py; MonitoringDashboard.Services.cs; MainWindow.LiveSummary.cs; artifacts/release-v1-live-services.json; artifacts/release-v1-ui-live,"EA 1.020 / Python / Desktop kết nối thật, 18/18 kiểm dịch vụ đạt; 45/45 chỉ báo cùng nến khớp, lịch 92 sự kiện, scanner 9 khung, logs MT5 và tài nguyên đo thật. DD có phạm vi các mẫu đã quan sát."
UI-008,Tổng quan,Drawdown lớn nhất hôm nay,Chưa có,IMPLEMENTED_LIVE_DATA_VERIFIED,monitoring.py; MonitoringDashboard.Services.cs; MainWindow.LiveSummary.cs; artifacts/release-v1-live-services.json; artifacts/release-v1-ui-live,"EA 1.020 / Python / Desktop kết nối thật, 18/18 kiểm dịch vụ đạt; 45/45 chỉ báo cùng nến khớp, lịch 92 sự kiện, scanner 9 khung, logs MT5 và tài nguyên đo thật. DD có phạm vi các mẫu đã quan sát."
UI-009,Tổng quan,Đếm vị thế / lệnh chờ,Đã triển khai,IMPLEMENTED_LOCAL_VERIFIED,Mã; release-v1 Python/IPC/Desktop regression suites,"Đếm snapshot thuộc symbol + magic của EA, không đại diện mọi EA trong tài khoản."
UI-010,Tổng quan,Danh sách lệnh gần đây,Một phần,IMPLEMENTED_LIVE_DATA_VERIFIED,monitoring.py; MonitoringDashboard.Services.cs; MainWindow.LiveSummary.cs; artifacts/release-v1-live-services.json; artifacts/release-v1-ui-live,"EA 1.020 / Python / Desktop kết nối thật, 18/18 kiểm dịch vụ đạt; 45/45 chỉ báo cùng nến khớp, lịch 92 sự kiện, scanner 9 khung, logs MT5 và tài nguyên đo thật. DD có phạm vi các mẫu đã quan sát."
UI-011,Tổng quan,"Đồng hồ, account, leverage ở chân trang",Đã triển khai,IMPLEMENTED_LOCAL_VERIFIED,Mã; release-v1 Python/IPC/Desktop regression suites,Đồng hồ ghi Giờ máy; account/leverage từ Bridge. Không nhầm tên biến FooterServerTime với chức năng UI.
UI-012,Tổng quan,3 timeframe nhanh,Đã triển khai,IMPLEMENTED_LOCAL_VERIFIED,Mã + UI cách ly; release-v1 Python/IPC/Desktop regression suites,"Direction/Pullback/Trigger đọc active, giữ bản nháp, áp dụng có kiểm xung đột."
UI-013,Tổng quan,Logic AND/OR nhanh và cho phép BUY/SELL,Đã triển khai,IMPLEMENTED_LOCAL_VERIFIED,Mã + UI cách ly; release-v1 Python/IPC/Desktop regression suites,"Sửa giá trị thực trong profile, không phải công tắc giả."
UI-014,Tổng quan,Áp dụng cấu hình nhanh,Đã triển khai,IMPLEMENTED_LOCAL_VERIFIED,Mã + UI cách ly; release-v1 Python/IPC/Desktop regression suites,Chỉ vá giá trị đã sửa; kiểm bản nháp/xung đột với Cấu hình và Chiến lược.
UI-015,Tổng quan,"Các lối tắt cài đặt, preset, 12 nhóm tham số",Đã triển khai,IMPLEMENTED_LOCAL_VERIFIED,Mã + UI cách ly; release-v1 Python/IPC/Desktop regression suites,Đi đến trình cấu hình và nhóm tương ứng; không phải kho preset riêng.
UI-016,Tổng quan,"Mở/lưu preset, JSON, SET ở lối tắt",Đã triển khai,IMPLEMENTED_LOCAL_VERIFIED,Mã + UI cách ly; release-v1 Python/IPC/Desktop regression suites,Dùng các thao tác file của trình Cấu hình.
UI-017,Tổng quan,Hướng dẫn và log nhanh,Một phần,IMPLEMENTED_LOCAL_ACCEPTANCE_PENDING,MainWindow.QuickConfiguration.cs; MainWindow.axaml.cs; StrategyDashboard; 118 interaction assertions,Hướng dẫn và nhãn chế độ giao dịch đã bỏ thông báo prototype khóa cứng; dùng trạng thái người dùng thực tế.
UI-018,Biểu đồ dùng chung,"Nến, giá đóng, volume",Đã triển khai,IMPLEMENTED_LOCAL_VERIFIED,Mã + kiểm tra biểu đồ; release-v1 Python/IPC/Desktop regression suites,Vẽ dữ liệu Bridge và nến đang hình thành riêng; không dùng nến giả để giống ảnh.
UI-019,Biểu đồ dùng chung,Chọn timeframe bằng chuột / bàn phím,Đã triển khai,IMPLEMENTED_LOCAL_VERIFIED,Mã + kiểm tra biểu đồ; release-v1 Python/IPC/Desktop regression suites,"Đã gắn sự kiện động, dù AXAML không có Click trực tiếp."
UI-020,Biểu đồ dùng chung,Nến Nhật / đường giá,Đã triển khai,IMPLEMENTED_LOCAL_VERIFIED,Mã + kiểm tra biểu đồ; release-v1 Python/IPC/Desktop regression suites,"Đổi kiểu biểu đồ, giữ lựa chọn khi có snapshot mới."
UI-021,Biểu đồ dùng chung,Chỉ báo EMA,Một phần,IMPLEMENTED_LOCAL_ACCEPTANCE_PENDING,MarketChartControl.Interaction.cs; chart indicator headless tests,"Chu kỳ chỉ báo, toàn bộ file lịch sử, zoom/pan, so sánh tài sản, PNG/fullscreen đã có; chờ đối chiếu ảnh native."
UI-022,Biểu đồ dùng chung,So sánh,Một phần,IMPLEMENTED_LOCAL_ACCEPTANCE_PENDING,MarketChartControl.Interaction.cs; chart indicator headless tests,"Chu kỳ chỉ báo, toàn bộ file lịch sử, zoom/pan, so sánh tài sản, PNG/fullscreen đã có; chờ đối chiếu ảnh native."
UI-023,Biểu đồ dùng chung,Xem toàn bộ lịch sử / zoom / pan,Một phần,IMPLEMENTED_LOCAL_ACCEPTANCE_PENDING,MarketChartControl.Interaction.cs; chart indicator headless tests,"Chu kỳ chỉ báo, toàn bộ file lịch sử, zoom/pan, so sánh tài sản, PNG/fullscreen đã có; chờ đối chiếu ảnh native."
UI-024,Biểu đồ dùng chung,Chụp ảnh / fullscreen như hình demo,Chưa có,IMPLEMENTED_LOCAL_ACCEPTANCE_PENDING,MarketChartControl.Interaction.cs; chart indicator headless tests,"Chu kỳ chỉ báo, toàn bộ file lịch sử, zoom/pan, so sánh tài sản, PNG/fullscreen đã có; chờ đối chiếu ảnh native."
UI-025,Biểu đồ dùng chung,"Hiển thị giá, RSI, Z theo tick",Đã triển khai,IMPLEMENTED_LOCAL_VERIFIED,Mã + tick đang chạy; release-v1 Python/IPC/Desktop regression suites,"Đọc tick quan sát; EA gom khoảng 250 ms, app lấy cập nhật nhẹ khoảng 200 ms. Không vẽ riêng từng tick."
UI-026,Cấu hình,Sinh đủ 136 ô tham số,Đã triển khai,IMPLEMENTED_LOCAL_VERIFIED,136 ô được nạp qua IPC và điều khiển Avalonia thật trong kiểm cách ly; release-v1 Python/IPC/Desktop regression suites,"Schema sinh trường, kiểu, miền giá trị; bổ sung 3 trường MTF. Kiểm draft/reconnect/xung đột/ngôn ngữ đã qua."
UI-027,Cấu hình,Điều hướng nhóm / tìm kiếm,Đã triển khai,IMPLEMENTED_LOCAL_VERIFIED,Mã + UI cách ly; release-v1 Python/IPC/Desktop regression suites,Nhảy đến nhóm và lọc tham số thật.
UI-028,Cấu hình,MTF Pullback / MTF Trigger,Một phần,IMPLEMENTED_LOCAL_ACCEPTANCE_PENDING,multi_timeframe.py; test_multi_timeframe.py; config schema 136 fields,"MTF thêm tối đa 3 khung Pullback và 3 Trigger, AND/OR, kiểm dữ liệu mới và chống dùng lại tín hiệu. Kiểm cách ly đã qua; chờ chạy gói EA mới."
UI-029,Cấu hình,Kiểm tra lại / báo lỗi tham số,Đã triển khai,IMPLEMENTED_LOCAL_VERIFIED,Mã + bộ kiểm cấu hình; release-v1 Python/IPC/Desktop regression suites,"Backend kiểm kiểu, giới hạn, ràng buộc chéo, trường khóa; chưa đồng nghĩa mọi chế độ hợp lệ đều thực thi được."
UI-030,Cấu hình,Nhập JSON,Đã triển khai,IMPLEMENTED_LOCAL_VERIFIED,Mã + UI cách ly; release-v1 Python/IPC/Desktop regression suites,"Đọc và kiểm profile vào bản nháp, chưa đổi active trước khi Áp dụng."
UI-031,Cấu hình,Lưu JSON / Lưu thành,Một phần,IMPLEMENTED_LOCAL_ACCEPTANCE_PENDING,ConfigurationEditor; StrategyDashboard.Editor; user_library.py,Lưu/Lưu thành và startup default có đường xử lý; còn nghiệm thu thao tác file và restart gói.
UI-032,Cấu hình,Nhập / xuất SET,Đã triển khai,IMPLEMENTED_LOCAL_VERIFIED,Mã + kiểm codec; release-v1 Python/IPC/Desktop regression suites,"Codec SET, alias và kiểm cấu hình đã có. Không phải thao tác tự thay Inputs của EA đang gắn trên MT5."
UI-033,Cấu hình,Mặc định / Hoàn tác,Đã triển khai,IMPLEMENTED_LOCAL_VERIFIED,Mã + UI cách ly; release-v1 Python/IPC/Desktop regression suites,Nạp mặc định vào bản nháp hoặc tải active trở lại.
UI-034,Cấu hình,Áp dụng / lưu bền / phục hồi sau restart,Đã triển khai,IMPLEMENTED_LOCAL_VERIFIED,Mã + API cách ly; release-v1 Python/IPC/Desktop regression suites,Profile chuẩn được lưu; đổi profile làm quyền DEMO đang chờ thành SUSPENDED để ràng buộc lại cấu hình.
UI-035,Cấu hình,Đóng trước cuối tuần,Chưa có,IMPLEMENTED_BROKER_ACCEPTANCE_PENDING,trade_plan.py; position_management.py; broker_execution.py; XAUPY_Execution.mqh,"Executor chung gọi OrderCheck/OrderSend thật, có state bền vững, chống gửi trùng và đối chiếu sau reconnect. Kiểm cách ly đã qua; EA 1.020 kết nối thật OFF. Chưa thực hiện thêm giao dịch broker cho nhóm này; không dùng một lệnh cũ để chứng nhận toàn bộ."
UI-036,Cấu hình,Order comment tùy chỉnh,Chưa có,IMPLEMENTED_BROKER_ACCEPTANCE_PENDING,trade_plan.py; position_management.py; broker_execution.py; XAUPY_Execution.mqh,"Executor chung gọi OrderCheck/OrderSend thật, có state bền vững, chống gửi trùng và đối chiếu sau reconnect. Kiểm cách ly đã qua; EA 1.020 kết nối thật OFF. Chưa thực hiện thêm giao dịch broker cho nhóm này; không dùng một lệnh cũ để chứng nhận toàn bộ."
UI-037,Chiến lược,Sửa khung thời gian / chỉ báo / bộ lọc / SL-TP,Đã triển khai,IMPLEMENTED_LOCAL_VERIFIED,Mã + UI cách ly; release-v1 Python/IPC/Desktop regression suites,Các ô tạo động sửa profile thật; phần mở rộng giữ các tùy chọn còn lại.
UI-038,Chiến lược,Áp dụng / Tải lại / bảo toàn bản nháp,Đã triển khai,IMPLEMENTED_LOCAL_VERIFIED,Mã + UI cách ly; release-v1 Python/IPC/Desktop regression suites,Giữ thay đổi qua heartbeat và chặn xung đột với Cấu hình/Tổng quan.
UI-039,Chiến lược,Lưu chiến lược / Xuất cấu hình,Một phần,IMPLEMENTED_LOCAL_ACCEPTANCE_PENDING,ConfigurationEditor; StrategyDashboard.Editor; user_library.py,Lưu/Lưu thành và startup default có đường xử lý; còn nghiệm thu thao tác file và restart gói.
UI-040,Chiến lược,Tải chiến lược JSON,Đã triển khai,IMPLEMENTED_LOCAL_VERIFIED,Mã; release-v1 Python/IPC/Desktop regression suites,"Kiểm schema, hiện tóm tắt và xác nhận trước khi áp dụng."
UI-041,Chiến lược,Đặt làm mặc định,Chưa có,IMPLEMENTED_LOCAL_ACCEPTANCE_PENDING,ConfigurationEditor; StrategyDashboard.Editor; user_library.py,Lưu/Lưu thành và startup default có đường xử lý; còn nghiệm thu thao tác file và restart gói.
UI-042,Chiến lược,Direction → Pullback → Trigger,Đã triển khai,IMPLEMENTED_LOCAL_VERIFIED,Mã + kiểm chiến lược; release-v1 Python/IPC/Desktop regression suites,Máy trạng thái và lý do điều kiện có thực; không lấy trạng thái đủ dữ liệu làm tín hiệu vào lệnh.
UI-043,Chiến lược,RSI/Z động ghi nhớ vượt ngưỡng trong nến,Đã triển khai,IMPLEMENTED_LOCAL_VERIFIED,Kiểm thuật toán + tín hiệu đã tạo lệnh DEMO; release-v1 Python/IPC/Desktop regression suites,"Chế độ observed ticks ghi nhớ cực trị đã quan sát, xác nhận từ nến Trigger tiếp theo; mất liên tục dữ liệu không tự suy ra tick bị bỏ lỡ."
UI-044,Chiến lược,RSI/Z hiển thị khi bộ lọc tắt,Đã triển khai,IMPLEMENTED_LOCAL_VERIFIED,Kiểm market_update; release-v1 Python/IPC/Desktop regression suites,Giá trị live để xem tách riêng khỏi chỉ báo dùng quyết định; tắt lọc không làm biến mất toàn bộ giá trị hiển thị.
UI-045,Chiến lược,Tự chọn RSI/Z tối ưu và áp vào app,Chưa có,IMPLEMENTED_RESEARCH_VERIFIED,docs/RESEARCH_20260928.md; artifacts/release-v1-parameter-research-parallel/result.json; native XAUPY-research.json,"9,9 triệu tick; chọn trước test rồi kiểm tăng chi phí. Không ứng viên đạt. Báo cáo app và xuất JSON đã đối chiếu; không áp cấu hình thất bại. Áp ứng viên có kiểm nháp/context trong kiểm cách ly."
UI-046,Giám sát,"Kết nối EA/Python, tuổi dữ liệu",Đã triển khai,IMPLEMENTED_LOCAL_VERIFIED,Mã + kết nối đang chạy; release-v1 Python/IPC/Desktop regression suites,Thông tin Bridge và số snapshot thật.
UI-047,Giám sát,Latency,Một phần,IMPLEMENTED_LIVE_DATA_VERIFIED,monitoring.py; MonitoringDashboard.Services.cs; MainWindow.LiveSummary.cs; artifacts/release-v1-live-services.json; artifacts/release-v1-ui-live,"EA 1.020 / Python / Desktop kết nối thật, 18/18 kiểm dịch vụ đạt; 45/45 chỉ báo cùng nến khớp, lịch 92 sự kiện, scanner 9 khung, logs MT5 và tài nguyên đo thật. DD có phạm vi các mẫu đã quan sát."
UI-048,Giám sát,Ma trận điều kiện đa khung,Một phần,IMPLEMENTED_LIVE_DATA_VERIFIED,monitoring.py; MonitoringDashboard.Services.cs; MainWindow.LiveSummary.cs; artifacts/release-v1-live-services.json; artifacts/release-v1-ui-live,"EA 1.020 / Python / Desktop kết nối thật, 18/18 kiểm dịch vụ đạt; 45/45 chỉ báo cùng nến khớp, lịch 92 sự kiện, scanner 9 khung, logs MT5 và tài nguyên đo thật. DD có phạm vi các mẫu đã quan sát."
UI-049,Giám sát,Đồng hồ đo RSI/Z/ADX/ATR và MA,Đã triển khai,IMPLEMENTED_LOCAL_VERIFIED,UI cách ly; release-v1 Python/IPC/Desktop regression suites,"RSI/Z live; ADX/ATR/MA là chỉ báo chiến lược tại chu kỳ đánh giá tương ứng, có trạng thái thiếu dữ liệu."
UI-050,Giám sát,Phiên Sydney/Tokyo/London/New York,Chưa có,IMPLEMENTED_LIVE_DATA_VERIFIED,monitoring.py; MonitoringDashboard.Services.cs; MainWindow.LiveSummary.cs; artifacts/release-v1-live-services.json; artifacts/release-v1-ui-live,"EA 1.020 / Python / Desktop kết nối thật, 18/18 kiểm dịch vụ đạt; 45/45 chỉ báo cùng nến khớp, lịch 92 sự kiện, scanner 9 khung, logs MT5 và tài nguyên đo thật. DD có phạm vi các mẫu đã quan sát."
UI-051,Giám sát,Lịch tin tức,Chưa có,IMPLEMENTED_LIVE_DATA_VERIFIED,monitoring.py; MonitoringDashboard.Services.cs; MainWindow.LiveSummary.cs; artifacts/release-v1-live-services.json; artifacts/release-v1-ui-live,"EA 1.020 / Python / Desktop kết nối thật, 18/18 kiểm dịch vụ đạt; 45/45 chỉ báo cùng nến khớp, lịch 92 sự kiện, scanner 9 khung, logs MT5 và tài nguyên đo thật. DD có phạm vi các mẫu đã quan sát."
UI-052,Giám sát,CPU / RAM / Disk,Chưa có,IMPLEMENTED_LIVE_DATA_VERIFIED,monitoring.py; MonitoringDashboard.Services.cs; MainWindow.LiveSummary.cs; artifacts/release-v1-live-services.json; artifacts/release-v1-ui-live,"EA 1.020 / Python / Desktop kết nối thật, 18/18 kiểm dịch vụ đạt; 45/45 chỉ báo cùng nến khớp, lịch 92 sự kiện, scanner 9 khung, logs MT5 và tài nguyên đo thật. DD có phạm vi các mẫu đã quan sát."
UI-053,Giám sát,Bộ đếm thực thi / từ chối / chờ,Một phần,IMPLEMENTED_LIVE_DATA_VERIFIED,monitoring.py; MonitoringDashboard.Services.cs; MainWindow.LiveSummary.cs; artifacts/release-v1-live-services.json; artifacts/release-v1-ui-live,"EA 1.020 / Python / Desktop kết nối thật, 18/18 kiểm dịch vụ đạt; 45/45 chỉ báo cùng nến khớp, lịch 92 sự kiện, scanner 9 khung, logs MT5 và tài nguyên đo thật. DD có phạm vi các mẫu đã quan sát."
UI-054,Giám sát,Bảng cảnh báo,Một phần,IMPLEMENTED_LIVE_DATA_VERIFIED,monitoring.py; MonitoringDashboard.Services.cs; MainWindow.LiveSummary.cs; artifacts/release-v1-live-services.json; artifacts/release-v1-ui-live,"EA 1.020 / Python / Desktop kết nối thật, 18/18 kiểm dịch vụ đạt; 45/45 chỉ báo cùng nến khớp, lịch 92 sự kiện, scanner 9 khung, logs MT5 và tài nguyên đo thật. DD có phạm vi các mẫu đã quan sát."
UI-055,Lệnh & Vị thế,Đọc vị thế / lệnh chờ MT5,Đã triển khai,IMPLEMENTED_LOCAL_VERIFIED,Mã + MT5 đọc trực tiếp; release-v1 Python/IPC/Desktop regression suites,"Đọc ticket thật, lọc sẵn theo symbol EA và magic; không tác động EA khác."
UI-056,Lệnh & Vị thế,"P/L, exposure, rủi ro theo SL",Đã triển khai,IMPLEMENTED_LOCAL_VERIFIED,Mã + kiểm snapshot; release-v1 Python/IPC/Desktop regression suites,"Tính từ snapshot, báo không đủ nếu thiếu SL/tick metadata; không mặc định rủi ro bằng 0."
UI-057,Lệnh & Vị thế,Hiển thị tất cả symbol,Lỗi,IMPLEMENTED_LOCAL_VERIFIED,REMEDIATION_20260928.md,"Checkbox lọc ngay các vị thế cùng magic, theo symbol đang chọn; kiểm fixture nhiều symbol đã qua. Hành động dùng metadata của symbol kết nối."
UI-058,Lệnh & Vị thế,Lịch sử deal đóng,Một phần,IMPLEMENTED_LOCAL_ACCEPTANCE_PENDING,broker_history.py; OrdersPositionsDashboard.History.cs; artifacts/release-v1-broker-history-direct,"Lịch sử broker toàn bộ có phân trang, partial/fees và P/L points. Đã đọc tài khoản DEMO; cần nghiệm thu export/paging trên UI."
UI-059,Lệnh & Vị thế,Hiển thị symbol hiện tại ở lịch sử,Lỗi,IMPLEMENTED_LOCAL_VERIFIED,REMEDIATION_20260928.md,"Checkbox lọc lịch sử theo symbol; lịch sử broker nhập đầy đủ được phân trang, không chỉ dựa vào snapshot gần nhất."
UI-060,Lệnh & Vị thế,Cột P/L pips / khoảng cách pips,Một phần,IMPLEMENTED_LOCAL_ACCEPTANCE_PENDING,broker_history.py; OrdersPositionsDashboard.History.cs; artifacts/release-v1-broker-history-direct,"Lịch sử broker toàn bộ có phân trang, partial/fees và P/L points. Đã đọc tài khoản DEMO; cần nghiệm thu export/paging trên UI."
UI-061,Lệnh & Vị thế,Đóng một vị thế,Mô phỏng,IMPLEMENTED_BROKER_ACCEPTANCE_PENDING,trade_plan.py; position_management.py; broker_execution.py; XAUPY_Execution.mqh,"Executor chung gọi OrderCheck/OrderSend thật, có state bền vững, chống gửi trùng và đối chiếu sau reconnect. Kiểm cách ly đã qua; EA 1.020 kết nối thật OFF. Chưa thực hiện thêm giao dịch broker cho nhóm này; không dùng một lệnh cũ để chứng nhận toàn bộ."
UI-062,Lệnh & Vị thế,Đóng 1/2 vị thế,Mô phỏng,IMPLEMENTED_BROKER_ACCEPTANCE_PENDING,trade_plan.py; position_management.py; broker_execution.py; XAUPY_Execution.mqh,"Executor chung gọi OrderCheck/OrderSend thật, có state bền vững, chống gửi trùng và đối chiếu sau reconnect. Kiểm cách ly đã qua; EA 1.020 kết nối thật OFF. Chưa thực hiện thêm giao dịch broker cho nhóm này; không dùng một lệnh cũ để chứng nhận toàn bộ."
UI-063,Lệnh & Vị thế,Chuyển một SL về BE,Mô phỏng,IMPLEMENTED_BROKER_ACCEPTANCE_PENDING,trade_plan.py; position_management.py; broker_execution.py; XAUPY_Execution.mqh,"Executor chung gọi OrderCheck/OrderSend thật, có state bền vững, chống gửi trùng và đối chiếu sau reconnect. Kiểm cách ly đã qua; EA 1.020 kết nối thật OFF. Chưa thực hiện thêm giao dịch broker cho nhóm này; không dùng một lệnh cũ để chứng nhận toàn bộ."
UI-064,Lệnh & Vị thế,Trailing một vị thế,Mô phỏng,IMPLEMENTED_BROKER_ACCEPTANCE_PENDING,trade_plan.py; position_management.py; broker_execution.py; XAUPY_Execution.mqh,"Executor chung gọi OrderCheck/OrderSend thật, có state bền vững, chống gửi trùng và đối chiếu sau reconnect. Kiểm cách ly đã qua; EA 1.020 kết nối thật OFF. Chưa thực hiện thêm giao dịch broker cho nhóm này; không dùng một lệnh cũ để chứng nhận toàn bộ."
UI-065,Lệnh & Vị thế,Sửa / hủy một pending,Mô phỏng,IMPLEMENTED_BROKER_ACCEPTANCE_PENDING,trade_plan.py; position_management.py; broker_execution.py; XAUPY_Execution.mqh,"Executor chung gọi OrderCheck/OrderSend thật, có state bền vững, chống gửi trùng và đối chiếu sau reconnect. Kiểm cách ly đã qua; EA 1.020 kết nối thật OFF. Chưa thực hiện thêm giao dịch broker cho nhóm này; không dùng một lệnh cũ để chứng nhận toàn bộ."
UI-066,Lệnh & Vị thế,Đóng tất cả,Mô phỏng,IMPLEMENTED_BROKER_ACCEPTANCE_PENDING,trade_plan.py; position_management.py; broker_execution.py; XAUPY_Execution.mqh,"Executor chung gọi OrderCheck/OrderSend thật, có state bền vững, chống gửi trùng và đối chiếu sau reconnect. Kiểm cách ly đã qua; EA 1.020 kết nối thật OFF. Chưa thực hiện thêm giao dịch broker cho nhóm này; không dùng một lệnh cũ để chứng nhận toàn bộ."
UI-067,Lệnh & Vị thế,Đóng lãi,Mô phỏng,IMPLEMENTED_BROKER_ACCEPTANCE_PENDING,trade_plan.py; position_management.py; broker_execution.py; XAUPY_Execution.mqh,"Executor chung gọi OrderCheck/OrderSend thật, có state bền vững, chống gửi trùng và đối chiếu sau reconnect. Kiểm cách ly đã qua; EA 1.020 kết nối thật OFF. Chưa thực hiện thêm giao dịch broker cho nhóm này; không dùng một lệnh cũ để chứng nhận toàn bộ."
UI-068,Lệnh & Vị thế,Đóng lỗ,Mô phỏng,IMPLEMENTED_BROKER_ACCEPTANCE_PENDING,trade_plan.py; position_management.py; broker_execution.py; XAUPY_Execution.mqh,"Executor chung gọi OrderCheck/OrderSend thật, có state bền vững, chống gửi trùng và đối chiếu sau reconnect. Kiểm cách ly đã qua; EA 1.020 kết nối thật OFF. Chưa thực hiện thêm giao dịch broker cho nhóm này; không dùng một lệnh cũ để chứng nhận toàn bộ."
UI-069,Lệnh & Vị thế,Đóng một phần hàng loạt,Mô phỏng,IMPLEMENTED_BROKER_ACCEPTANCE_PENDING,trade_plan.py; position_management.py; broker_execution.py; XAUPY_Execution.mqh,"Executor chung gọi OrderCheck/OrderSend thật, có state bền vững, chống gửi trùng và đối chiếu sau reconnect. Kiểm cách ly đã qua; EA 1.020 kết nối thật OFF. Chưa thực hiện thêm giao dịch broker cho nhóm này; không dùng một lệnh cũ để chứng nhận toàn bộ."
UI-070,Lệnh & Vị thế,Chuyển BE hàng loạt,Mô phỏng,IMPLEMENTED_BROKER_ACCEPTANCE_PENDING,trade_plan.py; position_management.py; broker_execution.py; XAUPY_Execution.mqh,"Executor chung gọi OrderCheck/OrderSend thật, có state bền vững, chống gửi trùng và đối chiếu sau reconnect. Kiểm cách ly đã qua; EA 1.020 kết nối thật OFF. Chưa thực hiện thêm giao dịch broker cho nhóm này; không dùng một lệnh cũ để chứng nhận toàn bộ."
UI-071,Lệnh & Vị thế,Trailing hàng loạt,Mô phỏng,IMPLEMENTED_BROKER_ACCEPTANCE_PENDING,trade_plan.py; position_management.py; broker_execution.py; XAUPY_Execution.mqh,"Executor chung gọi OrderCheck/OrderSend thật, có state bền vững, chống gửi trùng và đối chiếu sau reconnect. Kiểm cách ly đã qua; EA 1.020 kết nối thật OFF. Chưa thực hiện thêm giao dịch broker cho nhóm này; không dùng một lệnh cũ để chứng nhận toàn bộ."
UI-072,Lệnh & Vị thế,Hủy tất cả pending,Mô phỏng,IMPLEMENTED_BROKER_ACCEPTANCE_PENDING,trade_plan.py; position_management.py; broker_execution.py; XAUPY_Execution.mqh,"Executor chung gọi OrderCheck/OrderSend thật, có state bền vững, chống gửi trùng và đối chiếu sau reconnect. Kiểm cách ly đã qua; EA 1.020 kết nối thật OFF. Chưa thực hiện thêm giao dịch broker cho nhóm này; không dùng một lệnh cũ để chứng nhận toàn bộ."
UI-073,Lệnh & Vị thế,Xác nhận trước đóng/sửa/hủy,Đã triển khai,IMPLEMENTED_LOCAL_VERIFIED,Mã + kiểm simulator; release-v1 Python/IPC/Desktop regression suites,"Xác nhận rõ hành động và ticket trước khi gửi yêu cầu broker; executor kiểm mode, danh tính và tính mới. Bản mới không chuyển các nút này vào simulator."
UI-074,Lệnh & Vị thế,"Nhập lot, SL, TP và năm nút lot nhanh",Đã triển khai,IMPLEMENTED_LOCAL_VERIFIED,Mã + kiểm simulator; release-v1 Python/IPC/Desktop regression suites,"Các ô lot, SL, TP và lot nhanh tạo yêu cầu broker qua executor chung; kiểm volume/step/stops trước gửi."
UI-075,Lệnh & Vị thế,BUY thủ công,Mô phỏng,IMPLEMENTED_BROKER_ACCEPTANCE_PENDING,trade_plan.py; position_management.py; broker_execution.py; XAUPY_Execution.mqh,"Executor chung gọi OrderCheck/OrderSend thật, có state bền vững, chống gửi trùng và đối chiếu sau reconnect. Kiểm cách ly đã qua; EA 1.020 kết nối thật OFF. Chưa thực hiện thêm giao dịch broker cho nhóm này; không dùng một lệnh cũ để chứng nhận toàn bộ."
UI-076,Lệnh & Vị thế,SELL thủ công,Mô phỏng,IMPLEMENTED_BROKER_ACCEPTANCE_PENDING,trade_plan.py; position_management.py; broker_execution.py; XAUPY_Execution.mqh,"Executor chung gọi OrderCheck/OrderSend thật, có state bền vững, chống gửi trùng và đối chiếu sau reconnect. Kiểm cách ly đã qua; EA 1.020 kết nối thật OFF. Chưa thực hiện thêm giao dịch broker cho nhóm này; không dùng một lệnh cũ để chứng nhận toàn bộ."
UI-077,Lệnh & Vị thế,Form đặt lệnh chờ / tab Thông tin,Chưa có,IMPLEMENTED_BROKER_ACCEPTANCE_PENDING,trade_plan.py; position_management.py; broker_execution.py; XAUPY_Execution.mqh,"Executor chung gọi OrderCheck/OrderSend thật, có state bền vững, chống gửi trùng và đối chiếu sau reconnect. Kiểm cách ly đã qua; EA 1.020 kết nối thật OFF. Chưa thực hiện thêm giao dịch broker cho nhóm này; không dùng một lệnh cũ để chứng nhận toàn bộ."
UI-078,Lệnh & Vị thế,Xuất báo cáo lệnh,Chưa có,IMPLEMENTED_LOCAL_VERIFIED,REMEDIATION_20260928.md,"Xuất JSON trạng thái đã đóng băng, bộ lọc và thời gian nguồn; xuất lịch sử broker CSV đầy đủ qua API phân trang."
UI-079,Lệnh & Vị thế,Bắt đầu chờ tín hiệu DEMO một lệnh,Đã triển khai,IMPLEMENTED_LOCAL_VERIFIED,Đã đối chiếu broker fill trong lần audit này; release-v1 Python/IPC/Desktop regression suites,"Có đường EA OrderSend thực, tối đa 0,01 lot, tín hiệu mới, SL/TP broker, dùng quyền một lần."
UI-080,Lệnh & Vị thế,Dừng chờ DEMO / làm mới trạng thái,Đã triển khai,IMPLEMENTED_LOCAL_VERIFIED,Mã + kiểm giao thức; release-v1 Python/IPC/Desktop regression suites,Hủy quyền chờ ARMED hoặc đọc lại trạng thái; không đóng vị thế đã khớp.
UI-081,Lệnh & Vị thế,Giới hạn lot / thời hạn chờ,Đã triển khai,IMPLEMENTED_LOCAL_VERIFIED,Mã + UI cách ly; release-v1 Python/IPC/Desktop regression suites,"Gửi ràng buộc cụ thể vào quyền DEMO, nhận trạng thái thực."
UI-082,Lệnh & Vị thế,Lý do chờ DEMO tự cập nhật,Lỗi,IMPLEMENTED_LOCAL_VERIFIED,REMEDIATION_20260928.md,"Lý do DEMO cập nhật qua heartbeat, ưu tiên trạng thái cuối đúng. Kết quả một lệnh đã dùng được giữ nguyên."
UI-083,Lệnh & Vị thế,Thực thi liên tục nhiều lệnh DEMO,Chưa có,IMPLEMENTED_BROKER_ACCEPTANCE_PENDING,trade_plan.py; position_management.py; broker_execution.py; XAUPY_Execution.mqh,"Executor chung gọi OrderCheck/OrderSend thật, có state bền vững, chống gửi trùng và đối chiếu sau reconnect. Kiểm cách ly đã qua; EA 1.020 kết nối thật OFF. Chưa thực hiện thêm giao dịch broker cho nhóm này; không dùng một lệnh cũ để chứng nhận toàn bộ."
UI-084,Lệnh & Vị thế,Chọn DEMO/REAL và quyền giao dịch theo người dùng,Chưa có,IMPLEMENTED_BROKER_ACCEPTANCE_PENDING,trade_plan.py; position_management.py; broker_execution.py; XAUPY_Execution.mqh,"Executor chung gọi OrderCheck/OrderSend thật, có state bền vững, chống gửi trùng và đối chiếu sau reconnect. Kiểm cách ly đã qua; EA 1.020 kết nối thật OFF. Chưa thực hiện thêm giao dịch broker cho nhóm này; không dùng một lệnh cũ để chứng nhận toàn bộ."
UI-085,Lệnh & Vị thế,"BE, partial, trailing tự động sau khi khớp",Mô phỏng,IMPLEMENTED_BROKER_ACCEPTANCE_PENDING,trade_plan.py; position_management.py; broker_execution.py; XAUPY_Execution.mqh,"Executor chung gọi OrderCheck/OrderSend thật, có state bền vững, chống gửi trùng và đối chiếu sau reconnect. Kiểm cách ly đã qua; EA 1.020 kết nối thật OFF. Chưa thực hiện thêm giao dịch broker cho nhóm này; không dùng một lệnh cũ để chứng nhận toàn bộ."
UI-086,Lệnh & Vị thế,"MARKET, STOP_CONFIRM, TP động khi chạy broker",Một phần,IMPLEMENTED_BROKER_ACCEPTANCE_PENDING,trade_plan.py; position_management.py; broker_execution.py; XAUPY_Execution.mqh,"Executor chung gọi OrderCheck/OrderSend thật, có state bền vững, chống gửi trùng và đối chiếu sau reconnect. Kiểm cách ly đã qua; EA 1.020 kết nối thật OFF. Chưa thực hiện thêm giao dịch broker cho nhóm này; không dùng một lệnh cũ để chứng nhận toàn bộ."
UI-087,Lệnh & Vị thế,Sizing theo % rủi ro,Một phần,IMPLEMENTED_BROKER_ACCEPTANCE_PENDING,trade_plan.py; position_management.py; broker_execution.py; XAUPY_Execution.mqh,"Executor chung gọi OrderCheck/OrderSend thật, có state bền vững, chống gửi trùng và đối chiếu sau reconnect. Kiểm cách ly đã qua; EA 1.020 kết nối thật OFF. Chưa thực hiện thêm giao dịch broker cho nhóm này; không dùng một lệnh cũ để chứng nhận toàn bộ."
UI-088,Lệnh & Vị thế,Giờ phiên / ngày / spread / rủi ro trước lệnh,Đã triển khai,IMPLEMENTED_LOCAL_VERIFIED,Mã + kiểm guard + fill đúng active profile; release-v1 Python/IPC/Desktop regression suites,"Có kiểm phiên, ngày, cooldown, lỗ ngày, chuỗi lỗ, mục tiêu ngày, spread, phí dự phòng, SL và RR. Không phải bật REAL."
UI-089,Backtest,Chọn file JSON/CSV M1,Đã triển khai,IMPLEMENTED_LOCAL_VERIFIED,Mã + kiểm dữ liệu; release-v1 Python/IPC/Desktop regression suites,"Nạp dữ liệu lịch sử thật, kiểm OHLC và metadata. Không tự lấy toàn bộ kho đã tải nếu chưa chọn file."
UI-090,Backtest,"Ngày bắt đầu/kết thúc, vốn, spread, commission",Đã triển khai,IMPLEMENTED_LOCAL_VERIFIED,Mã + kiểm backtest; release-v1 Python/IPC/Desktop regression suites,"Được truyền vào bộ replay, kiểm định dạng và giới hạn."
UI-091,Backtest,Chạy M1 OHLC,Đã triển khai,IMPLEMENTED_LOCAL_VERIFIED,386 tests gồm backtest + B05 chạy thực 3.000 nến; release-v1 Python/IPC/Desktop regression suites,"Có replay, giao dịch mô phỏng, metrics và lưu lịch sử. Không phải mô hình Every Tick."
UI-092,Backtest,Các giới hạn chi phí trong profile,Lỗi,IMPLEMENTED_LOCAL_VERIFIED,REMEDIATION_20260928.md,"Replay kiểm spread, commission, net RR và dự phòng slippage; tick replay tính trượt giá bất lợi tại khớp theo cấu hình. Regression chi phí đã qua."
UI-093,Backtest,Chọn timeframe/model khác,Chưa có,IMPLEMENTED_REPLAY_VERIFIED,tick_backtest.py; tick_collect.py; test_tick_backtest; artifacts/release-v1-tick-replay-result.json; docs/RESEARCH_20260928.md; artifacts/release-v1-python-final.log,"Policy replay dùng tick Bid/Ask thật, latch RSI/Z và quản lý SL/TP/BE/partial/trailing. Replay 15 ngày hoàn tất, có chi phí. Đây là kiểm mô hình lịch sử; không đồng nghĩa broker khớp."
UI-094,Backtest,Chạy profile RSI/Z intrabar đang dùng,Chưa có,IMPLEMENTED_REPLAY_VERIFIED,tick_backtest.py; tick_collect.py; test_tick_backtest; artifacts/release-v1-tick-replay-result.json; docs/RESEARCH_20260928.md; artifacts/release-v1-python-final.log,"Policy replay dùng tick Bid/Ask thật, latch RSI/Z và quản lý SL/TP/BE/partial/trailing. Replay 15 ngày hoàn tất, có chi phí. Đây là kiểm mô hình lịch sử; không đồng nghĩa broker khớp."
UI-095,Backtest,Dữ liệu live tiếp tục cập nhật trong lúc backtest,Lỗi,IMPLEMENTED_LOCAL_VERIFIED,REMEDIATION_20260928.md,Backtest chạy job nền với profile cố định và kết nối tiến độ riêng; dữ liệu live tiếp tục cập nhật. Kiểm hủy và responsiveness đã qua.
UI-096,Backtest,Dừng / hủy backtest từ UI,Chưa có,IMPLEMENTED_LOCAL_VERIFIED,REMEDIATION_20260928.md,"Nút Hủy dừng job nền, không lưu kết quả dở; giữ lần chạy trước và chống đua khi hoàn thành."
UI-097,Backtest,"SL ATR/structure/fixed, TP dynamic/fixed/RR",Mô phỏng,IMPLEMENTED_REPLAY_VERIFIED,tick_backtest.py; tick_collect.py; test_tick_backtest; artifacts/release-v1-tick-replay-result.json; docs/RESEARCH_20260928.md; artifacts/release-v1-python-final.log,"Policy replay dùng tick Bid/Ask thật, latch RSI/Z và quản lý SL/TP/BE/partial/trailing. Replay 15 ngày hoàn tất, có chi phí. Đây là kiểm mô hình lịch sử; không đồng nghĩa broker khớp."
UI-098,Backtest,BE / partial / trailing / STOP_CONFIRM,Mô phỏng,IMPLEMENTED_REPLAY_VERIFIED,tick_backtest.py; tick_collect.py; test_tick_backtest; artifacts/release-v1-tick-replay-result.json; docs/RESEARCH_20260928.md; artifacts/release-v1-python-final.log,"Policy replay dùng tick Bid/Ask thật, latch RSI/Z và quản lý SL/TP/BE/partial/trailing. Replay 15 ngày hoàn tất, có chi phí. Đây là kiểm mô hình lịch sử; không đồng nghĩa broker khớp."
UI-099,Backtest,Equity / balance / cả hai,Đã triển khai,IMPLEMENTED_LOCAL_VERIFIED,Kiểm chart; release-v1 Python/IPC/Desktop regression suites,"Vẽ kết quả thực của lần chạy, đổi series và giữ lựa chọn."
UI-100,Backtest,Drawdown / histogram / KPI,Đã triển khai,IMPLEMENTED_LOCAL_VERIFIED,Kiểm backtest + chart; release-v1 Python/IPC/Desktop regression suites,"Tính từ kết quả mô phỏng, không lấy số trong ảnh demo."
UI-101,Backtest,So sánh kết quả,Chưa có,IMPLEMENTED_LOCAL_ACCEPTANCE_PENDING,BacktestDashboard.Compare.cs,"So sánh hai kết quả gồm model, hash, khoảng ngày, vốn, chi phí, metrics và xuất HTML; chờ UI nghiệm thu."
UI-102,Backtest,Lưu kết quả JSON,Đã triển khai,IMPLEMENTED_LOCAL_VERIFIED,Mã + kiểm API; release-v1 Python/IPC/Desktop regression suites,Xuất kết quả và lấy đủ các trang giao dịch.
UI-103,Backtest,Xuất báo cáo CSV,Một phần,IMPLEMENTED_NATIVE_EXPORT_VERIFIED,BacktestDashboard.Report.cs; 123 desktop assertions; artifacts/release-v1-native-packaged/XAUPY-Backtest-2026-09-25-2026-09-25.html,Đã xuất HTML từ hộp thoại native trên replay 7 trade. Sau đó bổ sung profile/giả định/raw evidence và sửa giờ dataset; cần chụp lại gói mới cho chỉnh sửa cuối.
UI-104,Backtest,Làm mới / chọn / xem / xóa lịch sử,Đã triển khai,IMPLEMENTED_LOCAL_VERIFIED,Mã + kiểm repository; release-v1 Python/IPC/Desktop regression suites,Đọc và xóa kết quả đã lưu; UI lấy tối đa 50 lần chạy gần nhất.
UI-105,Backtest,Phân trang giao dịch,Đã triển khai,IMPLEMENTED_LOCAL_VERIFIED,Mã + kiểm API; release-v1 Python/IPC/Desktop regression suites,"8 trade mỗi trang, có trước/sau và tổng trang."
UI-106,Tối ưu hóa,"Chọn dataset, ngày, vốn, chi phí",Đã triển khai,IMPLEMENTED_LOCAL_VERIFIED,Mã + kiểm optimizer; release-v1 Python/IPC/Desktop regression suites,Bộ chọn dữ liệu M1 và tham số chạy thật; chịu giới hạn replay giống Backtest.
UI-107,Tối ưu hóa,Dải ba timeframe,Đã triển khai,IMPLEMENTED_LOCAL_VERIFIED,Mã + kiểm ranges; release-v1 Python/IPC/Desktop regression suites,Min/max các khung hợp lệ tạo tập ứng viên.
UI-108,Tối ưu hóa,Dải ngưỡng RSI BUY/SELL,Đã triển khai,IMPLEMENTED_LOCAL_VERIFIED,Mã + kiểm ranges; release-v1 Python/IPC/Desktop regression suites,Min/max/step dùng khi RSI Pullback bật.
UI-109,Tối ưu hóa,Delta RSI / Z,Một phần,IMPLEMENTED_LOCAL_VERIFIED,REMEDIATION_20260928.md,"RSI delta và Z delta có dải riêng, tôn trọng cờ bật từng chỉ báo; lưu và tải preset đầy đủ."
UI-110,Tối ưu hóa,Chu kỳ RSI / chu kỳ Z / ngưỡng Z,Chưa có,IMPLEMENTED_LOCAL_VERIFIED,REMEDIATION_20260928.md,"Bổ sung chu kỳ RSI/Z Pullback và Trigger, ngưỡng Z BUY/SELL trong cửa sổ dải chỉ báo."
UI-111,Tối ưu hóa,Dải MA period,Đã triển khai,IMPLEMENTED_LOCAL_VERIFIED,Mã; release-v1 Python/IPC/Desktop regression suites,Có dải chu kỳ khi Direction MA bật.
UI-112,Tối ưu hóa,Dải SL fixed / structure,Đã triển khai,IMPLEMENTED_LOCAL_VERIFIED,Mã; release-v1 Python/IPC/Desktop regression suites,Hai chế độ có ô dải tương ứng.
UI-113,Tối ưu hóa,Dải SL ATR,Một phần,IMPLEMENTED_LOCAL_VERIFIED,REMEDIATION_20260928.md,Dải SL ATR multiplier đã nối replay và optimizer.
UI-114,Tối ưu hóa,Dải TP fixed / RR,Đã triển khai,IMPLEMENTED_LOCAL_VERIFIED,Mã; release-v1 Python/IPC/Desktop regression suites,Có dải theo chế độ active.
UI-115,Tối ưu hóa,Dải TP ZRSI_DYNAMIC,Một phần,IMPLEMENTED_LOCAL_VERIFIED,REMEDIATION_20260928.md,Dải TP ban đầu của chế độ ZRSI_DYNAMIC đã nối optimizer; quản lý TP dùng policy chung.
UI-116,Tối ưu hóa,Bắt đầu sweep / workers / min trades,Đã triển khai,IMPLEMENTED_LOCAL_VERIFIED,Kiểm optimizer; release-v1 Python/IPC/Desktop regression suites,"Có hàng đợi ứng viên, worker và tiêu chí đủ số lệnh."
UI-117,Tối ưu hóa,Dừng job / xem tiến độ,Đã triển khai,IMPLEMENTED_LOCAL_VERIFIED,Kiểm optimizer; release-v1 Python/IPC/Desktop regression suites,Có cancel và progress thật; khác Backtest đơn lẻ.
UI-118,Tối ưu hóa,Top 10 / xem tham số ứng viên,Đã triển khai,IMPLEMENTED_LOCAL_VERIFIED,Kiểm optimizer; release-v1 Python/IPC/Desktop regression suites,Xếp hạng và mở JSON cấu hình ứng viên. Chưa kết luận có lợi nhuận tương lai.
UI-119,Tối ưu hóa,Áp dụng ứng viên tốt nhất trực tiếp,Chưa có,IMPLEMENTED_RESEARCH_VERIFIED,docs/RESEARCH_20260928.md; artifacts/release-v1-parameter-research-parallel/result.json; native XAUPY-research.json,"9,9 triệu tick; chọn trước test rồi kiểm tăng chi phí. Không ứng viên đạt. Báo cáo app và xuất JSON đã đối chiếu; không áp cấu hình thất bại. Áp ứng viên có kiểm nháp/context trong kiểm cách ly."
UI-120,Tối ưu hóa,Heatmap X/Y/metric,Đã triển khai,IMPLEMENTED_LOCAL_VERIFIED,Kiểm heatmap; release-v1 Python/IPC/Desktop regression suites,Đọc dữ liệu tối ưu và đổi trục/metric thật.
UI-121,Tối ưu hóa,"Walk-forward: folds, ratio, rolling/expanding",Đã triển khai,IMPLEMENTED_LOCAL_VERIFIED,Kiểm walk-forward; release-v1 Python/IPC/Desktop regression suites,"Walk-forward chia train/test theo thời gian, rolling/expanding, chặn dữ liệu tương lai. Intrabar cần dataset tick thật."
UI-122,Tối ưu hóa,Lưu / tải preset tối ưu,Đã triển khai,IMPLEMENTED_LOCAL_VERIFIED,Kiểm preset; release-v1 Python/IPC/Desktop regression suites,Lưu file mô tả ranges/context. Combo không phải thư viện nhiều preset dựng sẵn.
UI-123,Tối ưu hóa,CPU/RAM/Disk và hiệu suất worker,Một phần,IMPLEMENTED_LIVE_DATA_VERIFIED,OptimizerDashboard.ApplyResources; monitoring.py; artifacts/release-v1-live-services.json; artifacts/release-v1-ui-live,"EA 1.020 / Python / Desktop kết nối thật, 18/18 kiểm dịch vụ đạt; 45/45 chỉ báo cùng nến khớp, lịch 92 sự kiện, scanner 9 khung, logs MT5 và tài nguyên đo thật. DD có phạm vi các mẫu đã quan sát."
UI-124,Nhật ký,Log thật / tự cập nhật,Đã triển khai,IMPLEMENTED_LOCAL_VERIFIED,Mã + kiểm journal; release-v1 Python/IPC/Desktop regression suites,"Structured journal từ Engine, tải lại khi latest sequence thay đổi."
UI-125,Nhật ký,7 nguồn log,Một phần,IMPLEMENTED_LIVE_DATA_VERIFIED,mt5_logs.py; test_mt5_logs; artifacts/release-v1-live-services.json; artifacts/release-v1-ui-live,"EA 1.020 / Python / Desktop kết nối thật, 18/18 kiểm dịch vụ đạt; 45/45 chỉ báo cùng nến khớp, lịch 92 sự kiện, scanner 9 khung, logs MT5 và tài nguyên đo thật. DD có phạm vi các mẫu đã quan sát."
UI-126,Nhật ký,INFO / WARN / ERROR / DEBUG,Đã triển khai,IMPLEMENTED_LOCAL_VERIFIED,Mã + kiểm journal; release-v1 Python/IPC/Desktop regression suites,Các checkbox được đưa vào truy vấn backend.
UI-127,Nhật ký,Tìm kiếm và phạm vi ngày,Đã triển khai,IMPLEMENTED_LOCAL_VERIFIED,Mã + kiểm journal; release-v1 Python/IPC/Desktop regression suites,"Tìm kiếm trễ 350 ms, chọn Hôm nay/Tất cả và làm mới."
UI-128,Nhật ký,Chọn dòng / chi tiết JSON,Đã triển khai,IMPLEMENTED_LOCAL_VERIFIED,Mã; release-v1 Python/IPC/Desktop regression suites,"Hiện nội dung sự kiện, nguồn, tag, sequence, chi tiết."
UI-129,Nhật ký,Thêm / bỏ / lọc dấu trang,Đã triển khai,IMPLEMENTED_LOCAL_VERIFIED,Kiểm journal; release-v1 Python/IPC/Desktop regression suites,"Lưu dấu trang, truy vấn lại và phục hồi từ journal."
UI-130,Nhật ký,Xem tất cả cảnh báo / dấu trang,Một phần,IMPLEMENTED_LOCAL_ACCEPTANCE_PENDING,JournalDashboard.axaml.cs,"Phân trang, bộ lọc và xuất toàn bộ theo filter đã có; cần nghiệm thu nhiều trang thật."
UI-131,Nhật ký,Xuất log,Một phần,IMPLEMENTED_LOCAL_ACCEPTANCE_PENDING,JournalDashboard.axaml.cs,"Phân trang, bộ lọc và xuất toàn bộ theo filter đã có; cần nghiệm thu nhiều trang thật."
UI-132,Nhật ký,"Replay / nhận diện log lỗi, trùng",Đã triển khai,IMPLEMENTED_LOCAL_VERIFIED,Kiểm journal; release-v1 Python/IPC/Desktop regression suites,"Có kiểm schema, duplicate và bộ đếm integrity."
UI-133,Công cụ,"Trình JSON: nhập/sửa, màu cú pháp, số dòng",Đã triển khai,IMPLEMENTED_LOCAL_VERIFIED,84 kiểm tra UI; release-v1 Python/IPC/Desktop regression suites,"Editor native thực, có cập nhật số dòng và thông tin file."
UI-134,Công cụ,Tìm kiếm / tìm tiếp / đóng tìm kiếm,Đã triển khai,IMPLEMENTED_LOCAL_VERIFIED,UI cách ly; release-v1 Python/IPC/Desktop regression suites,"Ctrl+F, chọn kết quả và wrap tìm tiếp."
UI-135,Công cụ,Định dạng JSON / kiểm cú pháp và schema,Đã triển khai,IMPLEMENTED_LOCAL_VERIFIED,Mã + UI cách ly; release-v1 Python/IPC/Desktop regression suites,"Có format, parse, validate profile. File tin có bộ kiểm riêng."
UI-136,Công cụ,Mở file / Lưu thành,Đã triển khai,IMPLEMENTED_LOCAL_VERIFIED,Mã; release-v1 Python/IPC/Desktop regression suites,"Đọc/ghi JSON trên máy; SaveAs là lưu file, không phải áp dụng."
UI-137,Công cụ,Lưu thay đổi / Áp dụng / Ctrl+S,Một phần,IMPLEMENTED_LOCAL_VERIFIED,REMEDIATION_20260928.md,"Lưu bản nháp, Lưu thành và Ctrl+S chỉ ghi file. Nút Áp dụng mới thay active profile."
UI-138,Công cụ,Bảo toàn bản nháp khi Tải lại/đổi công cụ,Lỗi,IMPLEMENTED_LOCAL_VERIFIED,REMEDIATION_20260928.md,Tải lại/đổi công cụ có guard nháp; refresh không tự ghi đè; backend đối chiếu expected profile.
UI-139,Công cụ,Chặn xung đột với bản nháp tab khác,Một phần,IMPLEMENTED_LOCAL_VERIFIED,REMEDIATION_20260928.md,"Công cụ tham gia kiểm nháp và xung đột cùng Cấu hình, Chiến lược, Tổng quan và ứng viên Tối ưu."
UI-140,Công cụ,Ô Symbol thông tin file,Lỗi,IMPLEMENTED_LOCAL_VERIFIED,REMEDIATION_20260928.md,Đọc strategy.symbol; kiểm EURUSD và XAUUSD đã qua.
UI-141,Công cụ,Mặc định / Tải lại,Đã triển khai,IMPLEMENTED_LOCAL_VERIFIED,Mã; release-v1 Python/IPC/Desktop regression suites,Mặc định/Tải lại vào bản nháp; giữ nháp hoặc xác nhận bỏ thay đổi trước thay nội dung.
UI-142,Công cụ,Toàn màn hình editor,Một phần,IMPLEMENTED_LOCAL_ACCEPTANCE_PENDING,ToolsDashboard.Library.cs; indicator_comparison.py; user_library.py; HistoryDatasetPicker.cs,"Editor fullscreen, so preset, native indicator comparison, lot calculator, sessions/news, profile versions và nối kho lịch sử đã có; một số còn chờ gói/MT5 nghiệm thu."
UI-143,Công cụ,So sánh Preset,Một phần,IMPLEMENTED_LOCAL_ACCEPTANCE_PENDING,ToolsDashboard.Library.cs; indicator_comparison.py; user_library.py; HistoryDatasetPicker.cs,"Editor fullscreen, so preset, native indicator comparison, lot calculator, sessions/news, profile versions và nối kho lịch sử đã có; một số còn chờ gói/MT5 nghiệm thu."
UI-144,Công cụ,Kiểm tra chỉ báo,Một phần,IMPLEMENTED_LIVE_DATA_VERIFIED,ToolsDashboard.Library.cs; indicator_comparison.py; user_library.py; HistoryDatasetPicker.cs; artifacts/release-v1-live-services.json; artifacts/release-v1-ui-live,"EA 1.020 / Python / Desktop kết nối thật, 18/18 kiểm dịch vụ đạt; 45/45 chỉ báo cùng nến khớp, lịch 92 sự kiện, scanner 9 khung, logs MT5 và tài nguyên đo thật. DD có phạm vi các mẫu đã quan sát."
UI-145,Công cụ,Tính lot theo rủi ro,Một phần,IMPLEMENTED_LOCAL_ACCEPTANCE_PENDING,ToolsDashboard.Library.cs; indicator_comparison.py; user_library.py; HistoryDatasetPicker.cs,"Editor fullscreen, so preset, native indicator comparison, lot calculator, sessions/news, profile versions và nối kho lịch sử đã có; một số còn chờ gói/MT5 nghiệm thu."
UI-146,Công cụ,Thông tin Symbol & Phiên,Một phần,IMPLEMENTED_LIVE_DATA_VERIFIED,ToolsDashboard.Library.cs; indicator_comparison.py; user_library.py; HistoryDatasetPicker.cs; artifacts/release-v1-live-services.json; artifacts/release-v1-ui-live,"EA 1.020 / Python / Desktop kết nối thật, 18/18 kiểm dịch vụ đạt; 45/45 chỉ báo cùng nến khớp, lịch 92 sự kiện, scanner 9 khung, logs MT5 và tài nguyên đo thật. DD có phạm vi các mẫu đã quan sát."
UI-147,Công cụ,Kiểm tra file tin tức,Một phần,IMPLEMENTED_LOCAL_ACCEPTANCE_PENDING,ToolsDashboard.Library.cs; indicator_comparison.py; user_library.py; HistoryDatasetPicker.cs,"Editor fullscreen, so preset, native indicator comparison, lot calculator, sessions/news, profile versions và nối kho lịch sử đã có; một số còn chờ gói/MT5 nghiệm thu."
UI-148,Công cụ,Chẩn đoán hệ thống,Đã triển khai,IMPLEMENTED_LOCAL_VERIFIED,Kiểm maintenance; release-v1 Python/IPC/Desktop regression suites,"Diagnostics gồm Bridge, cấu hình, thư mục, log, tài nguyên hệ thống và đối chiếu chỉ báo."
UI-149,Công cụ,Kiểm tra Bridge,Đã triển khai,IMPLEMENTED_LOCAL_VERIFIED,Kiểm maintenance; release-v1 Python/IPC/Desktop regression suites,"Đọc trạng thái Bridge thật qua diagnostics, không tạo tín hiệu hoặc lệnh."
UI-150,Công cụ,Quản lý hồ sơ,Một phần,IMPLEMENTED_LOCAL_ACCEPTANCE_PENDING,ToolsDashboard.Library.cs; indicator_comparison.py; user_library.py; HistoryDatasetPicker.cs,"Editor fullscreen, so preset, native indicator comparison, lot calculator, sessions/news, profile versions và nối kho lịch sử đã có; một số còn chờ gói/MT5 nghiệm thu."
UI-151,Công cụ,Xuất / nhập dữ liệu,Một phần,IMPLEMENTED_NATIVE_VERIFIED,data_transfer.py; test_data_transfer.py; artifacts/release-v1-native-packaged/native-controls-acceptance.json,"Xuất rồi nhập lại ZIP trên app: 8 file / 9.859.191 byte nguồn, COMPLETE; manifest/hash và thư viện kết quả được kiểm. Không áp profile hay quyền từ ZIP."
UI-152,Công cụ,Tải lịch sử MT5 và xem tiến độ,Đã triển khai,IMPLEMENTED_LOCAL_VERIFIED,Mã + bằng chứng tải lịch sử trước audit; release-v1 Python/IPC/Desktop regression suites,"Job riêng tải các timeframe tới giới hạn MT5/broker trả về, có terminal/symbol đầu vào; không làm việc chặn đồng bộ trong IPC."
UI-153,Công cụ,Tự nối kho lịch sử vào Backtest/Optimizer,Chưa có,IMPLEMENTED_LOCAL_ACCEPTANCE_PENDING,ToolsDashboard.Library.cs; indicator_comparison.py; user_library.py; HistoryDatasetPicker.cs,"Editor fullscreen, so preset, native indicator comparison, lot calculator, sessions/news, profile versions và nối kho lịch sử đã có; một số còn chờ gói/MT5 nghiệm thu."
UI-154,Công cụ,Hướng dẫn,Đã triển khai,IMPLEMENTED_LOCAL_VERIFIED,Mã; release-v1 Python/IPC/Desktop regression suites,Có hướng dẫn thao tác và shortcut trong app.
UI-155,Cài đặt,Đọc tài khoản / loại tài khoản / probe,Đã triển khai,IMPLEMENTED_LOCAL_VERIFIED,Kiểm maintenance + live; release-v1 Python/IPC/Desktop regression suites,Dùng phiên MT5 qua EA đang kết nối; không có đăng nhập bằng mật khẩu trong app.
UI-156,Cài đặt,Chọn / lưu đường dẫn MT5,Một phần,IMPLEMENTED_LOCAL_ACCEPTANCE_PENDING,SettingsDashboard; MaintenanceApi; MainWindow.Notifications; broker_execution.py,"Mở đường dẫn MT5, port lưu cho lần khởi động sau, toast theo preference, user REAL/AUTO và execution summary; chờ gói/OS nghiệm thu."
UI-157,Cài đặt,Chế độ Bridge / host / port,Một phần,IMPLEMENTED_LOCAL_ACCEPTANCE_PENDING,SettingsDashboard; MaintenanceApi; MainWindow.Notifications; broker_execution.py,"Mở đường dẫn MT5, port lưu cho lần khởi động sau, toast theo preference, user REAL/AUTO và execution summary; chờ gói/OS nghiệm thu."
UI-158,Cài đặt,Tự khởi động Engine,Đã triển khai,IMPLEMENTED_LOCAL_VERIFIED,Mã + UI/API cách ly; release-v1 Python/IPC/Desktop regression suites,Preference được đọc khi mở MainWindow.
UI-159,Cài đặt,Tự khởi động lại Engine khi lỗi,Đã triển khai,IMPLEMENTED_LOCAL_VERIFIED,Mã + UI/API cách ly; release-v1 Python/IPC/Desktop regression suites,Preference được truyền vào supervisor; chưa có nghĩa tự bật giao dịch sau lỗi.
UI-160,Cài đặt,Đường dẫn dữ liệu/log/backtest/history/backup,Đã triển khai,IMPLEMENTED_LOCAL_VERIFIED,Mã; release-v1 Python/IPC/Desktop regression suites,"Các ô chỉ đọc và nút mở thư mục thật, không phải các đường dẫn cho sửa."
UI-161,Cài đặt,Theme / ngôn ngữ / tỷ lệ chữ,Một phần,IMPLEMENTED_LOCAL_ACCEPTANCE_PENDING,AppearanceService.cs; WorkspaceScale.cs; LocalizationService.cs; Assets/localization.json; 118 interaction assertions,"Hai theme, 90–150%, 699 nhãn trong catalog trước các mô tả công cụ mới. Native 150% và đổi ngôn ngữ đã kiểm; bộ 10 ảnh mới cần xác nhận sau bản sửa cuối. Không chứng nhận pixel 100%."
UI-162,Cài đặt,Hiện lỗi hệ thống / thay đổi kết nối,Một phần,IMPLEMENTED_LOCAL_ACCEPTANCE_PENDING,SettingsDashboard; MaintenanceApi; MainWindow.Notifications; broker_execution.py,"Mở đường dẫn MT5, port lưu cho lần khởi động sau, toast theo preference, user REAL/AUTO và execution summary; chờ gói/OS nghiệm thu."
UI-163,Cài đặt,Giới hạn rủi ro hiển thị,Đã triển khai,IMPLEMENTED_LOCAL_VERIFIED,Mã; release-v1 Python/IPC/Desktop regression suites,"Đọc từ active profile; muốn sửa phải vào Cấu hình, ô Settings chỉ đọc."
UI-164,Cài đặt,Khởi động cùng Windows,Chưa nghiệm thu OS,IMPLEMENTED_WINDOWS_LOGON_PENDING,WindowsStartupRegistration.cs; desktop interaction tests,Đã ghi/đọc/xóa khóa HKCU Run thử riêng và xác nhận khóa app hiện tại không đổi. Chưa nghiệm thu một phiên đăng nhập Windows mới.
UI-165,Cài đặt,Bắt buộc đồng bộ Bridge lúc mở,Một phần,IMPLEMENTED_LOCAL_ACCEPTANCE_PENDING,broker_execution.py; test_broker_execution.py; SettingsDashboard,Tùy chọn đồng bộ trước khôi phục mode đã nối thực thi; không đồng nghĩa cho phép lệnh dựa trên giá cũ. Kiểm restart và nhận dạng đã qua.
UI-166,Cài đặt,Tự động chạy giao dịch,Chưa có,IMPLEMENTED_BROKER_ACCEPTANCE_PENDING,SettingsDashboard; MaintenanceApi; MainWindow.Notifications; broker_execution.py,"Executor chung gọi OrderCheck/OrderSend thật, có state bền vững, chống gửi trùng và đối chiếu sau reconnect. Kiểm cách ly đã qua; EA 1.020 kết nối thật OFF. Chưa thực hiện thêm giao dịch broker cho nhóm này; không dùng một lệnh cũ để chứng nhận toàn bộ."
UI-167,Cài đặt,Quyền tài khoản thật,Chưa có,IMPLEMENTED_BROKER_ACCEPTANCE_PENDING,SettingsDashboard; MaintenanceApi; MainWindow.Notifications; broker_execution.py,"Executor chung gọi OrderCheck/OrderSend thật, có state bền vững, chống gửi trùng và đối chiếu sau reconnect. Kiểm cách ly đã qua; EA 1.020 kết nối thật OFF. Chưa thực hiện thêm giao dịch broker cho nhóm này; không dùng một lệnh cũ để chứng nhận toàn bộ."
UI-168,Cài đặt,Sao lưu trước thay đổi / giữ tối đa,Đã triển khai,IMPLEMENTED_LOCAL_VERIFIED,Kiểm settings/backup; release-v1 Python/IPC/Desktop regression suites,"Preference, giới hạn 1–100 và retention có xử lý thực."
UI-169,Cài đặt,Sao lưu ngay / danh sách backup,Đã triển khai,IMPLEMENTED_LOCAL_VERIFIED,Kiểm maintenance; release-v1 Python/IPC/Desktop regression suites,Tạo và đọc bản backup thật trong thư mục dữ liệu.
UI-170,Cài đặt,Khôi phục backup,Đã triển khai,IMPLEMENTED_LOCAL_VERIFIED,Kiểm maintenance; release-v1 Python/IPC/Desktop regression suites,Validate rồi khôi phục profile/settings; không khôi phục quyền gửi DEMO đã dùng thành quyền mới.
UI-171,Cài đặt,Mặc định / Hủy thay đổi / Lưu cài đặt,Đã triển khai,IMPLEMENTED_LOCAL_VERIFIED,UI/API cách ly; release-v1 Python/IPC/Desktop regression suites,Đọc/ghi cấu hình hệ thống thực và giữ độc lập với strategy profile.
UI-172,Cài đặt,Thông tin hệ thống / execution summary,Một phần,IMPLEMENTED_LIVE_DATA_VERIFIED,SettingsDashboard; MaintenanceApi; MainWindow.Notifications; broker_execution.py; artifacts/release-v1-live-services.json; artifacts/release-v1-ui-live,"EA 1.020 / Python / Desktop kết nối thật, 18/18 kiểm dịch vụ đạt; 45/45 chỉ báo cùng nến khớp, lịch 92 sự kiện, scanner 9 khung, logs MT5 và tài nguyên đo thật. DD có phạm vi các mẫu đã quan sát."
